artifact_group,artifact_type,path,status,source_path,reason
result_partition_k40_compare_GF_fs1,provider_manifest,result_partition_k40_compare_GF_fs1/run_manifest.json,clean,C:\Users\swl00\IFPRI Dropbox\Weilun Shi\Google fund\Analysis\1.Source Data\FEWSNET_forecast_unadjusted_bm.csv,source text references clean panel
result_partition_k40_compare_GF_fs2,provider_manifest,result_partition_k40_compare_GF_fs2/run_manifest.json,clean,C:\Users\swl00\IFPRI Dropbox\Weilun Shi\Google fund\Analysis\1.Source Data\FEWSNET_forecast_unadjusted_bm.csv,source text references clean panel
result_partition_k40_compare_GF_fs3,provider_manifest,result_partition_k40_compare_GF_fs3/run_manifest.json,clean,C:\Users\swl00\IFPRI Dropbox\Weilun Shi\Google fund\Analysis\1.Source Data\FEWSNET_forecast_unadjusted_bm.csv,source text references clean panel
result_partition_k40_compare_DT_fs1,provider_manifest,result_partition_k40_compare_DT_fs1/run_manifest.json,clean,C:\Users\swl00\IFPRI Dropbox\Weilun Shi\Google fund\Analysis\1.Source Data\FEWSNET_forecast_unadjusted_bm.csv,source text references clean panel
result_partition_k40_compare_DT_fs2,provider_manifest,result_partition_k40_compare_DT_fs2/run_manifest.json,clean,C:\Users\swl00\IFPRI Dropbox\Weilun Shi\Google fund\Analysis\1.Source Data\FEWSNET_forecast_unadjusted_bm.csv,source text references clean panel
result_partition_k40_compare_DT_fs3,provider_manifest,result_partition_k40_compare_DT_fs3/run_manifest.json,clean,C:\Users\swl00\IFPRI Dropbox\Weilun Shi\Google fund\Analysis\1.Source Data\FEWSNET_forecast_unadjusted_bm.csv,source text references clean panel
result_partition_k40_compare_GF_thresholded_fs1,provider_manifest,result_partition_k40_compare_GF_thresholded_fs1/run_manifest.json,clean,C:\Users\swl00\IFPRI Dropbox\Weilun Shi\Google fund\Analysis\1.Source Data\FEWSNET_forecast_unadjusted_bm.csv,source text references clean panel
result_partition_k40_compare_GF_thresholded_fs2,provider_manifest,result_partition_k40_compare_GF_thresholded_fs2/run_manifest.json,clean,C:\Users\swl00\IFPRI Dropbox\Weilun Shi\Google fund\Analysis\1.Source Data\FEWSNET_forecast_unadjusted_bm.csv,source text references clean panel
result_partition_k40_compare_GF_thresholded_fs3,provider_manifest,result_partition_k40_compare_GF_thresholded_fs3/run_manifest.json,clean,C:\Users\swl00\IFPRI Dropbox\Weilun Shi\Google fund\Analysis\1.Source Data\FEWSNET_forecast_unadjusted_bm.csv,source text references clean panel
scripts/compare_partitioned_vs_pooled_rf_k40_nc4.py,script_default,scripts/compare_partitioned_vs_pooled_rf_k40_nc4.py,clean,FEWSNET_forecast_unadjusted_bm.csv,source text references clean panel
scripts/compare_partitioned_vs_pooled_xgb_k40_nc4.py,script_default,scripts/compare_partitioned_vs_pooled_xgb_k40_nc4.py,clean,FEWSNET_forecast_unadjusted_bm.csv,source text references clean panel
scripts/analyze_georf_m2_cluster_profiles.py,script_default,scripts/analyze_georf_m2_cluster_profiles.py,clean,FEWSNET_forecast_unadjusted_bm.csv,source text references clean panel
scripts/analyze_georf_false_negative_error_modes.py,script_default,scripts/analyze_georf_false_negative_error_modes.py,clean,FEWSNET_forecast_unadjusted_bm.csv,source text references clean panel
06_cluster_profiles,artifact_manifest,final_artifacts_in_paper_updated/06_cluster_profiles/artifact_source_manifest.json,clean,C:\Users\swl00\IFPRI Dropbox\Weilun Shi\Google fund\Analysis\1.Source Data\FEWSNET_forecast_unadjusted_bm.csv,source text references clean panel
10_false_negative_error_modes,artifact_manifest,final_artifacts_in_paper_updated/10_false_negative_error_modes/artifact_source_manifest.json,clean,C:\Users\swl00\IFPRI Dropbox\Weilun Shi\Google fund\Analysis\1.Source Data\FEWSNET_forecast_unadjusted_bm.csv,source text references clean panel
12_thresholded_georf_results,artifact_manifest,final_artifacts_in_paper_updated/12_thresholded_georf_results/artifact_source_manifest.json,clean,C:\Users\swl00\IFPRI Dropbox\Weilun Shi\Google fund\Analysis\2.source_code\Step5_Geo_RF_trial\Food_Crisis_Cluster\result_partition_k40_compare_GF_thresholded_fs1\run_manifest.json; C:\Users\swl00\IFPRI Dropbox\Weilun Shi\Google fund\Analysis\2.source_code\Step5_Geo_RF_trial\Food_Crisis_Cluster\result_partition_k40_compare_GF_thresholded_fs2\run_manifest.json; C:\Users\swl00\IFPRI Dropbox\Weilun Shi\Google fund\Analysis\2.source_code\Step5_Geo_RF_trial\Food_Crisis_Cluster\result_partition_k40_compare_GF_thresholded_fs3\run_manifest.json; C:\Users\swl00\IFPRI Dropbox\Weilun Shi\Google fund\Analysis\1.Source Data\FEWSNET_forecast_unadjusted_bm.csv; C:\Users\swl00\IFPRI Dropbox\Weilun Shi\Google fund\Analysis\1.Source Data\FEWSNET_forecast_unadjusted_bm.csv; C:\Users\swl00\IFPRI Dropbox\Weilun Shi\Google fund\Analysis\1.Source Data\FEWSNET_forecast_unadjusted_bm.csv,source text references clean panel
01_main_results,final_artifact_group,final_artifacts_in_paper_updated/01_main_results,clean,,classified by artifact contract as clean
02_methods_and_temporal_scope,final_artifact_group,final_artifacts_in_paper_updated/02_methods_and_temporal_scope,static_or_shape_only,,classified by artifact contract as static_or_shape_only
03_class_prevalence,final_artifact_group,final_artifacts_in_paper_updated/03_class_prevalence,clean,,classified by artifact contract as clean
04_error_analysis,final_artifact_group,final_artifacts_in_paper_updated/04_error_analysis,clean,,classified by artifact contract as clean
05_partition_diagnostics,final_artifact_group,final_artifacts_in_paper_updated/05_partition_diagnostics,static_or_shape_only,,classified by artifact contract as static_or_shape_only
06_cluster_profiles,final_artifact_group,final_artifacts_in_paper_updated/06_cluster_profiles,clean,,artifact source manifest proves clean panel provenance
07_probability_uncertainty,final_artifact_group,final_artifacts_in_paper_updated/07_probability_uncertainty,clean,,classified by artifact contract as clean
08_geodt_diagnostics,final_artifact_group,final_artifacts_in_paper_updated/08_geodt_diagnostics,static_or_shape_only,,classified by artifact contract as static_or_shape_only
09_humanitarian_metrics,final_artifact_group,final_artifacts_in_paper_updated/09_humanitarian_metrics,clean,,classified by artifact contract as clean
10_false_negative_error_modes,final_artifact_group,final_artifacts_in_paper_updated/10_false_negative_error_modes,clean,,artifact source manifest proves clean panel provenance
11_threshold_free_metrics,final_artifact_group,final_artifacts_in_paper_updated/11_threshold_free_metrics,clean,,classified by artifact contract as clean
12_thresholded_georf_results,final_artifact_group,final_artifacts_in_paper_updated/12_thresholded_georf_results,clean,,artifact source manifest proves clean panel provenance
