scope,forecasting_horizon,model,recall,precision,threshold,average_precision
fs1,4-month horizon,pooled,1.0,0.29230249722619756,0.0,0.7419570760223246
fs1,4-month horizon,pooled,0.9988447573990538,0.30114607002471266,0.01,0.7419570760223246
fs1,4-month horizon,pooled,0.9968643415117174,0.3121511748087921,0.02,0.7419570760223246
fs1,4-month horizon,pooled,0.9948839256243811,0.32323503127792674,0.03,0.7419570760223246
fs1,4-month horizon,pooled,0.9929585212894708,0.33372776688976813,0.04,0.7419570760223246
fs1,4-month horizon,pooled,0.9911431400594125,0.34377683222347305,0.05,0.7419570760223246
fs1,4-month horizon,pooled,0.9886126086478161,0.3533911470316402,0.06,0.7419570760223246
fs1,4-month horizon,pooled,0.9851468808449775,0.36269367088607596,0.07,0.7419570760223246
fs1,4-month horizon,pooled,0.9811310375178788,0.37117585848074924,0.08,0.7419570760223246
fs1,4-month horizon,pooled,0.976675101771372,0.37950493779658845,0.09,0.7419570760223246
fs1,4-month horizon,pooled,0.9719991198151612,0.3888424295774648,0.1,0.7419570760223246
fs1,4-month horizon,pooled,0.9666079876774123,0.39856190173751305,0.11,0.7419570760223246
fs1,4-month horizon,pooled,0.9617119595114975,0.4089452384851108,0.12,0.7419570760223246
fs1,4-month horizon,pooled,0.9567059082407305,0.42006231733533006,0.13,0.7419570760223246
fs1,4-month horizon,pooled,0.9502145450544615,0.43132897168256507,0.14,0.7419570760223246
fs1,4-month horizon,pooled,0.94168775442843,0.44229129524843036,0.15,0.7419570760223246
fs1,4-month horizon,pooled,0.9344262295081968,0.4530566520857783,0.16,0.7419570760223246
fs1,4-month horizon,pooled,0.9261744966442953,0.46392945715073025,0.17,0.7419570760223246
fs1,4-month horizon,pooled,0.91825283309495,0.47474402730375426,0.18,0.7419570760223246
fs1,4-month horizon,pooled,0.9102761579931785,0.4850643449711254,0.19,0.7419570760223246
fs1,4-month horizon,pooled,0.9016393442622951,0.4959452916969257,0.2,0.7419570760223246
fs1,4-month horizon,pooled,0.8919573110353174,0.5064342828585707,0.21,0.7419570760223246
fs1,4-month horizon,pooled,0.8826603586753218,0.5170802449242669,0.22,0.7419570760223246
fs1,4-month horizon,pooled,0.8728683023434921,0.5279145594889539,0.23,0.7419570760223246
fs1,4-month horizon,pooled,0.8624161073825504,0.5385249562021229,0.24,0.7419570760223246
fs1,4-month horizon,pooled,0.8526790626031466,0.5501526229857315,0.25,0.7419570760223246
fs1,4-month horizon,pooled,0.8407965672791287,0.5609424890813668,0.26,0.7419570760223246
fs1,4-month horizon,pooled,0.8303443723181868,0.5729360409944961,0.27,0.7419570760223246
fs1,4-month horizon,pooled,0.8200572120145231,0.5841300940438872,0.28,0.7419570760223246
fs1,4-month horizon,pooled,0.8083947629002091,0.5959768017195928,0.29,0.7419570760223246
fs1,4-month horizon,pooled,0.7971724062053032,0.6073599061150928,0.3,0.7419570760223246
fs1,4-month horizon,pooled,0.784959841566729,0.6181069958847737,0.31,0.7419570760223246
fs1,4-month horizon,pooled,0.7724722191660248,0.628108785113616,0.32,0.7419570760223246
fs1,4-month horizon,pooled,0.7588843657168005,0.6381256360440374,0.33,0.7419570760223246
fs1,4-month horizon,pooled,0.7459566508966883,0.647440794499618,0.34,0.7419570760223246
fs1,4-month horizon,pooled,0.7336340631532622,0.6569458128078818,0.35,0.7419570760223246
fs1,4-month horizon,pooled,0.7219716140389482,0.6660238518142604,0.36,0.7419570760223246
fs1,4-month horizon,pooled,0.7100891187149302,0.6750692955389362,0.37,0.7419570760223246
fs1,4-month horizon,pooled,0.6988117504675982,0.6827367515855101,0.38,0.7419570760223246
fs1,4-month horizon,pooled,0.6868742435911541,0.6909030544488712,0.39,0.7419570760223246
fs1,4-month horizon,pooled,0.6754318406865442,0.6976532757543042,0.4,0.7419570760223246
fs1,4-month horizon,pooled,0.66239410276158,0.703946214557147,0.41,0.7419570760223246
fs1,4-month horizon,pooled,0.651171746066674,0.7111872146118722,0.42,0.7419570760223246
fs1,4-month horizon,pooled,0.63950929695236,0.7172826556426236,0.43,0.7419570760223246
fs1,4-month horizon,pooled,0.6295522059632522,0.7231595576619273,0.44,0.7419570760223246
fs1,4-month horizon,pooled,0.6203102651556827,0.7303108808290155,0.45,0.7419570760223246
fs1,4-month horizon,pooled,0.6080426889646826,0.7348580546506216,0.46,0.7419570760223246
fs1,4-month horizon,pooled,0.5970403784794807,0.742237723977568,0.47,0.7419570760223246
fs1,4-month horizon,pooled,0.5860380679942788,0.7477363655506423,0.48,0.7419570760223246
fs1,4-month horizon,pooled,0.5744856419848168,0.7547156175471562,0.49,0.7419570760223246
fs1,4-month horizon,pooled,0.5624931235559467,0.7607320883862808,0.5,0.7419570760223246
fs1,4-month horizon,pooled,0.5513807899658928,0.7655820348304307,0.51,0.7419570760223246
fs1,4-month horizon,pooled,0.5410936296622291,0.7732096533291408,0.52,0.7419570760223246
fs1,4-month horizon,pooled,0.5302563538343052,0.7801699716713881,0.53,0.7419570760223246
fs1,4-month horizon,pooled,0.517933766090879,0.7865497076023392,0.54,0.7419570760223246
fs1,4-month horizon,pooled,0.5066013862911212,0.7915592229671652,0.55,0.7419570760223246
fs1,4-month horizon,pooled,0.49444383320497304,0.7973032910494101,0.56,0.7419570760223246
fs1,4-month horizon,pooled,0.48250632632852897,0.8030580479765611,0.57,0.7419570760223246
fs1,4-month horizon,pooled,0.47078886566178896,0.8075108511039819,0.58,0.7419570760223246
fs1,4-month horizon,pooled,0.45681593134558257,0.8120477214942304,0.59,0.7419570760223246
fs1,4-month horizon,pooled,0.4452084937836946,0.8168146951958014,0.6,0.7419570760223246
fs1,4-month horizon,pooled,0.43360105622180656,0.8219835227865262,0.61,0.7419570760223246
fs1,4-month horizon,pooled,0.42171856089778853,0.8276830058302742,0.62,0.7419570760223246
fs1,4-month horizon,pooled,0.4104411926504566,0.8326079678607299,0.63,0.7419570760223246
fs1,4-month horizon,pooled,0.3983386511167345,0.8366262276140959,0.64,0.7419570760223246
fs1,4-month horizon,pooled,0.38689624821212454,0.8383597568244129,0.65,0.7419570760223246
fs1,4-month horizon,pooled,0.37567389151721864,0.840285468192445,0.66,0.7419570760223246
fs1,4-month horizon,pooled,0.36379139619320056,0.8420985610594677,0.67,0.7419570760223246
fs1,4-month horizon,pooled,0.3517438662119045,0.8444268357105125,0.68,0.7419570760223246
fs1,4-month horizon,pooled,0.3393112553636264,0.8467874794069192,0.69,0.7419570760223246
fs1,4-month horizon,pooled,0.3259434481241061,0.8489754979223384,0.7,0.7419570760223246
fs1,4-month horizon,pooled,0.31263065243701177,0.8538161057692307,0.71,0.7419570760223246
fs1,4-month horizon,pooled,0.2999229838266036,0.8564247565190072,0.72,0.7419570760223246
fs1,4-month horizon,pooled,0.2878754538453075,0.8577282412719226,0.73,0.7419570760223246
fs1,4-month horizon,pooled,0.2750577621300473,0.8608815426997245,0.74,0.7419570760223246
fs1,4-month horizon,pooled,0.26191000110023105,0.8626562783112883,0.75,0.7419570760223246
fs1,4-month horizon,pooled,0.24727692815491253,0.8634268152132155,0.76,0.7419570760223246
fs1,4-month horizon,pooled,0.23517438662119045,0.8655598299250861,0.77,0.7419570760223246
fs1,4-month horizon,pooled,0.2214765100671141,0.868421052631579,0.78,0.7419570760223246
fs1,4-month horizon,pooled,0.20909891077126197,0.8701923076923077,0.79,0.7419570760223246
fs1,4-month horizon,pooled,0.19661128837055783,0.8706455542021925,0.8,0.7419570760223246
fs1,4-month horizon,pooled,0.18379359665529763,0.8698255662587868,0.81,0.7419570760223246
fs1,4-month horizon,pooled,0.17174606667400155,0.8701226309921962,0.82,0.7419570760223246
fs1,4-month horizon,pooled,0.15837825943448125,0.8687386843693422,0.83,0.7419570760223246
fs1,4-month horizon,pooled,0.14567059082407305,0.868766404199475,0.84,0.7419570760223246
fs1,4-month horizon,pooled,0.13499834965342722,0.8729989327641409,0.85,0.7419570760223246
fs1,4-month horizon,pooled,0.12317086588183518,0.8783836798744605,0.86,0.7419570760223246
fs1,4-month horizon,pooled,0.11255363626361536,0.8845654993514915,0.87,0.7419570760223246
fs1,4-month horizon,pooled,0.10193640664539554,0.8943050193050193,0.88,0.7419570760223246
fs1,4-month horizon,pooled,0.0901089228738035,0.9059734513274337,0.89,0.7419570760223246
fs1,4-month horizon,pooled,0.07954670480800968,0.9198473282442748,0.9,0.7419570760223246
fs1,4-month horizon,pooled,0.06870942898008582,0.932089552238806,0.91,0.7419570760223246
fs1,4-month horizon,pooled,0.058807349543404115,0.9451812555260831,0.92,0.7419570760223246
fs1,4-month horizon,pooled,0.047474969743646164,0.9631696428571429,0.93,0.7419570760223246
fs1,4-month horizon,pooled,0.038178017383650564,0.9733520336605891,0.94,0.7419570760223246
fs1,4-month horizon,pooled,0.02778083397513478,0.986328125,0.95,0.7419570760223246
fs1,4-month horizon,pooled,0.018923974034547254,0.9971014492753624,0.96,0.7419570760223246
fs1,4-month horizon,pooled,0.012322587743426119,1.0,0.97,0.7419570760223246
fs1,4-month horizon,pooled,0.0070964902629552205,1.0,0.98,0.7419570760223246
fs1,4-month horizon,pooled,0.003465727802838596,1.0,0.99,0.7419570760223246
fs1,4-month horizon,pooled,0.0006051270766861041,1.0,1.0,0.7419570760223246
fs1,4-month horizon,pooled,0.0,1.0,,0.7419570760223246
fs1,4-month horizon,partitioned,1.0,0.29230249722619756,0.0,0.7678856116105378
fs1,4-month horizon,partitioned,0.999944988447574,0.30011392342364657,0.01,0.7678856116105378
fs1,4-month horizon,partitioned,0.9994498844757399,0.3090689485055203,0.02,0.7678856116105378
fs1,4-month horizon,partitioned,0.9984046649796458,0.3176511770368426,0.03,0.7678856116105378
fs1,4-month horizon,partitioned,0.9971393992738475,0.326494587243547,0.04,0.7678856116105378
fs1,4-month horizon,partitioned,0.9950489602816591,0.33618943181606975,0.05,0.7678856116105378
fs1,4-month horizon,partitioned,0.9924084057652107,0.3465099304675195,0.06,0.7678856116105378
fs1,4-month horizon,partitioned,0.9887226317526681,0.356734548052876,0.07,0.7678856116105378
fs1,4-month horizon,partitioned,0.9848718230828474,0.3675275086221054,0.08,0.7678856116105378
fs1,4-month horizon,partitioned,0.9812410606227308,0.37838353839626643,0.09,0.7678856116105378
fs1,4-month horizon,partitioned,0.976785124876224,0.3898989898989899,0.1,0.7678856116105378
fs1,4-month horizon,partitioned,0.9724942237869952,0.4015354563212647,0.11,0.7678856116105378
fs1,4-month horizon,partitioned,0.9680382880404885,0.41304602962232706,0.12,0.7678856116105378
fs1,4-month horizon,partitioned,0.9628672021124436,0.42413007657264706,0.13,0.7678856116105378
fs1,4-month horizon,partitioned,0.9586313125756409,0.4355628874225155,0.14,0.7678856116105378
fs1,4-month horizon,partitioned,0.95340521509517,0.44607742201173683,0.15,0.7678856116105378
fs1,4-month horizon,partitioned,0.9486742215865331,0.4568090911499033,0.16,0.7678856116105378
fs1,4-month horizon,partitioned,0.9437781934206183,0.4671095621868874,0.17,0.7678856116105378
fs1,4-month horizon,partitioned,0.9394872923313896,0.47725240330874136,0.18,0.7678856116105378
fs1,4-month horizon,partitioned,0.9337110793266586,0.48704410456541075,0.19,0.7678856116105378
fs1,4-month horizon,partitioned,0.9261194850918693,0.4962270824736191,0.2,0.7678856116105378
fs1,4-month horizon,partitioned,0.918747937066784,0.5059835792407671,0.21,0.7678856116105378
fs1,4-month horizon,partitioned,0.9119815161183848,0.515741662518666,0.22,0.7678856116105378
fs1,4-month horizon,partitioned,0.9051050720651337,0.5253863839570826,0.23,0.7678856116105378
fs1,4-month horizon,partitioned,0.8976785124876224,0.535016393442623,0.24,0.7678856116105378
fs1,4-month horizon,partitioned,0.8922873803498734,0.5452467392765901,0.25,0.7678856116105378
fs1,4-month horizon,partitioned,0.8855759709539003,0.55479735318445,0.26,0.7678856116105378
fs1,4-month horizon,partitioned,0.8787545384530752,0.5641333521683853,0.27,0.7678856116105378
fs1,4-month horizon,partitioned,0.8713829904279898,0.5741834922245985,0.28,0.7678856116105378
fs1,4-month horizon,partitioned,0.8643965232698867,0.5835406840717495,0.29,0.7678856116105378
fs1,4-month horizon,partitioned,0.8569149521399494,0.5927997868858698,0.3,0.7678856116105378
fs1,4-month horizon,partitioned,0.84904830014303,0.6014809041309431,0.31,0.7678856116105378
fs1,4-month horizon,partitioned,0.8412916712509627,0.6101823405019351,0.32,0.7678856116105378
fs1,4-month horizon,partitioned,0.8336450654637474,0.6185811086619316,0.33,0.7678856116105378
fs1,4-month horizon,partitioned,0.8253933325998459,0.6258707712843615,0.34,0.7678856116105378
fs1,4-month horizon,partitioned,0.8175816921553526,0.6341255280112642,0.35,0.7678856116105378
fs1,4-month horizon,partitioned,0.8070744856419848,0.6417479550325883,0.36,0.7678856116105378
fs1,4-month horizon,partitioned,0.796567279128617,0.6497061066989724,0.37,0.7678856116105378
fs1,4-month horizon,partitioned,0.7856199801958411,0.6568392972127679,0.38,0.7678856116105378
fs1,4-month horizon,partitioned,0.7746726812630652,0.6644960362400906,0.39,0.7678856116105378
fs1,4-month horizon,partitioned,0.7634503245681593,0.6721557611275246,0.4,0.7678856116105378
fs1,4-month horizon,partitioned,0.7517878754538453,0.6792246520874752,0.41,0.7678856116105378
fs1,4-month horizon,partitioned,0.7398503685774013,0.6868392829783975,0.42,0.7678856116105378
fs1,4-month horizon,partitioned,0.7287380349873473,0.6950886766712142,0.43,0.7678856116105378
fs1,4-month horizon,partitioned,0.7159753548245131,0.7024124345620378,0.44,0.7678856116105378
fs1,4-month horizon,partitioned,0.7041478710529211,0.7085132292704528,0.45,0.7678856116105378
fs1,4-month horizon,partitioned,0.6912201562328089,0.7143263217737351,0.46,0.7678856116105378
fs1,4-month horizon,partitioned,0.6795026955660689,0.7216639401729376,0.47,0.7678856116105378
fs1,4-month horizon,partitioned,0.6665749807459567,0.7280100937274694,0.48,0.7678856116105378
fs1,4-month horizon,partitioned,0.6539773352404005,0.734461880637588,0.49,0.7678856116105378
fs1,4-month horizon,partitioned,0.6409946088678623,0.7410328160773341,0.5,0.7678856116105378
fs1,4-month horizon,partitioned,0.6270766861040818,0.747230416256965,0.51,0.7678856116105378
fs1,4-month horizon,partitioned,0.6148641214655077,0.7533701806416824,0.52,0.7678856116105378
fs1,4-month horizon,partitioned,0.6016613488832655,0.7590921710161022,0.53,0.7678856116105378
fs1,4-month horizon,partitioned,0.5898888766640995,0.7657097972007998,0.54,0.7678856116105378
fs1,4-month horizon,partitioned,0.5776763120255254,0.7707721667645332,0.55,0.7678856116105378
fs1,4-month horizon,partitioned,0.5660688744636374,0.7775426930633218,0.56,0.7678856116105378
fs1,4-month horizon,partitioned,0.5540213444823413,0.7829433258182383,0.57,0.7678856116105378
fs1,4-month horizon,partitioned,0.5430190339971394,0.7902489792650709,0.58,0.7678856116105378
fs1,4-month horizon,partitioned,0.5298162614148971,0.7954902122738912,0.59,0.7678856116105378
fs1,4-month horizon,partitioned,0.5178237429860271,0.8000169981302057,0.6,0.7678856116105378
fs1,4-month horizon,partitioned,0.505336120585323,0.8048716376062385,0.61,0.7678856116105378
fs1,4-month horizon,partitioned,0.4948289140719551,0.8099225643796146,0.62,0.7678856116105378
fs1,4-month horizon,partitioned,0.48410166134888327,0.8167053364269141,0.63,0.7678856116105378
fs1,4-month horizon,partitioned,0.4732093739685334,0.8231578947368421,0.64,0.7678856116105378
fs1,4-month horizon,partitioned,0.46017163604356914,0.8287101248266296,0.65,0.7678856116105378
fs1,4-month horizon,partitioned,0.4481241060622731,0.833947583947584,0.66,0.7678856116105378
fs1,4-month horizon,partitioned,0.43668170315766314,0.8386687797147385,0.67,0.7678856116105378
fs1,4-month horizon,partitioned,0.4252393002530531,0.8437022484173761,0.68,0.7678856116105378
fs1,4-month horizon,partitioned,0.41159643525140277,0.847242667874533,0.69,0.7678856116105378
fs1,4-month horizon,partitioned,0.3997689514798108,0.850339340042125,0.7,0.7678856116105378
fs1,4-month horizon,partitioned,0.38684123665969855,0.8553703928962413,0.71,0.7678856116105378
fs1,4-month horizon,partitioned,0.3749037297832545,0.8584204559768233,0.72,0.7678856116105378
fs1,4-month horizon,partitioned,0.36142589943888215,0.8615263571990559,0.73,0.7678856116105378
fs1,4-month horizon,partitioned,0.34932335790516006,0.8645336963921034,0.74,0.7678856116105378
fs1,4-month horizon,partitioned,0.3343052040928595,0.8649302590378594,0.75,0.7678856116105378
fs1,4-month horizon,partitioned,0.3215975354824513,0.8681318681318682,0.76,0.7678856116105378
fs1,4-month horizon,partitioned,0.3087798437671911,0.8728036075260457,0.77,0.7678856116105378
fs1,4-month horizon,partitioned,0.2940367477170206,0.8746522664048437,0.78,0.7678856116105378
fs1,4-month horizon,partitioned,0.27951369787655406,0.8761855492326263,0.79,0.7678856116105378
fs1,4-month horizon,partitioned,0.2644955440642535,0.8772121875570151,0.8,0.7678856116105378
fs1,4-month horizon,partitioned,0.25085267906260317,0.8797993440092611,0.81,0.7678856116105378
fs1,4-month horizon,partitioned,0.23643965232698866,0.8832716810521989,0.82,0.7678856116105378
fs1,4-month horizon,partitioned,0.2244471338981186,0.8865710560625815,0.83,0.7678856116105378
fs1,4-month horizon,partitioned,0.21261965012652656,0.8897329650092081,0.84,0.7678856116105378
fs1,4-month horizon,partitioned,0.20035207393552645,0.8919911829537105,0.85,0.7678856116105378
fs1,4-month horizon,partitioned,0.18868962482121246,0.8927641853201458,0.86,0.7678856116105378
fs1,4-month horizon,partitioned,0.17713719881175047,0.8934517203107658,0.87,0.7678856116105378
fs1,4-month horizon,partitioned,0.16596985366927056,0.8944559739104655,0.88,0.7678856116105378
fs1,4-month horizon,partitioned,0.1546374738695126,0.8937996820349762,0.89,0.7678856116105378
fs1,4-month horizon,partitioned,0.14479040598525691,0.8989071038251366,0.9,0.7678856116105378
fs1,4-month horizon,partitioned,0.1343932225767411,0.9034763313609467,0.91,0.7678856116105378
fs1,4-month horizon,partitioned,0.12361095830124326,0.912672623883022,0.92,0.7678856116105378
fs1,4-month horizon,partitioned,0.1139289250742656,0.9224944320712695,0.93,0.7678856116105378
fs1,4-month horizon,partitioned,0.10413686874243591,0.9417910447761194,0.94,0.7678856116105378
fs1,4-month horizon,partitioned,0.09384970843877215,0.957351290684624,0.95,0.7678856116105378
fs1,4-month horizon,partitioned,0.07888656617889757,0.9689189189189189,0.96,0.7678856116105378
fs1,4-month horizon,partitioned,0.06463857410056112,0.9816207184628237,0.97,0.7678856116105378
fs1,4-month horizon,partitioned,0.05358125206293322,0.9918533604887984,0.98,0.7678856116105378
fs1,4-month horizon,partitioned,0.04092859500495104,1.0,0.99,0.7678856116105378
fs1,4-month horizon,partitioned,0.022994828914071955,1.0,1.0,0.7678856116105378
fs1,4-month horizon,partitioned,0.0,1.0,,0.7678856116105378
fs2,8-month horizon,pooled,1.0,0.29230249722619756,0.0,0.7260345431968606
fs2,8-month horizon,pooled,1.0,0.29692910813459655,0.01,0.7260345431968606
fs2,8-month horizon,pooled,0.9990648036087578,0.3035991908925258,0.02,0.7260345431968606
fs2,8-month horizon,pooled,0.9982396303223677,0.31213554657263265,0.03,0.7260345431968606
fs2,8-month horizon,pooled,0.9962592144350314,0.321310079307347,0.04,0.7260345431968606
fs2,8-month horizon,pooled,0.994113763890417,0.33018454229855654,0.05,0.7260345431968606
fs2,8-month horizon,pooled,0.9914181978215425,0.33868936873954636,0.06,0.7260345431968606
fs2,8-month horizon,pooled,0.9884475739905381,0.3467320198375176,0.07,0.7260345431968606
fs2,8-month horizon,pooled,0.9847067884255694,0.3548559760521777,0.08,0.7260345431968606
fs2,8-month horizon,pooled,0.9806359335460447,0.363380626223092,0.09,0.7260345431968606
fs2,8-month horizon,pooled,0.97684013642865,0.37249842668344874,0.1,0.7260345431968606
fs2,8-month horizon,pooled,0.9717240620530312,0.38215568344078577,0.11,0.7260345431968606
fs2,8-month horizon,pooled,0.9662229068104302,0.39267589259764357,0.12,0.7260345431968606
fs2,8-month horizon,pooled,0.959181428099901,0.4037700020841535,0.13,0.7260345431968606
fs2,8-month horizon,pooled,0.9526900649136318,0.41489183296998156,0.14,0.7260345431968606
fs2,8-month horizon,pooled,0.9450434591264165,0.42541231241642313,0.15,0.7260345431968606
fs2,8-month horizon,pooled,0.9379469688634613,0.4369554074833419,0.16,0.7260345431968606
fs2,8-month horizon,pooled,0.9292001320277258,0.44800148529294753,0.17,0.7260345431968606
fs2,8-month horizon,pooled,0.9199581912201562,0.4585412667946257,0.18,0.7260345431968606
fs2,8-month horizon,pooled,0.9104411926504566,0.46855978030067097,0.19,0.7260345431968606
fs2,8-month horizon,pooled,0.8998239630322368,0.47880686142497514,0.2,0.7260345431968606
fs2,8-month horizon,pooled,0.889481791176147,0.4895098543792195,0.21,0.7260345431968606
fs2,8-month horizon,pooled,0.8794696886346133,0.4994688827793052,0.22,0.7260345431968606
fs2,8-month horizon,pooled,0.8696776323027836,0.5104452552387717,0.23,0.7260345431968606
fs2,8-month horizon,pooled,0.8563648366156893,0.5192634844391074,0.24,0.7260345431968606
fs2,8-month horizon,pooled,0.8450324568159313,0.529671390641702,0.25,0.7260345431968606
fs2,8-month horizon,pooled,0.8325448344152272,0.5384040698708599,0.26,0.7260345431968606
fs2,8-month horizon,pooled,0.819177027175707,0.547604162836024,0.27,0.7260345431968606
fs2,8-month horizon,pooled,0.8061943008031687,0.5571395985401459,0.28,0.7260345431968606
fs2,8-month horizon,pooled,0.7943118054791506,0.5680620033047447,0.29,0.7260345431968606
fs2,8-month horizon,pooled,0.7811090328969084,0.5789838525526015,0.3,0.7260345431968606
fs2,8-month horizon,pooled,0.767521179447684,0.5907108683686862,0.31,0.7260345431968606
fs2,8-month horizon,pooled,0.7542083837605897,0.6019758507135017,0.32,0.7260345431968606
fs2,8-month horizon,pooled,0.7404554956540873,0.6127651825548575,0.33,0.7260345431968606
fs2,8-month horizon,pooled,0.7274177577291231,0.6226397325422611,0.34,0.7260345431968606
fs2,8-month horizon,pooled,0.7147100891187149,0.6322141119221412,0.35,0.7260345431968606
fs2,8-month horizon,pooled,0.7014523049840466,0.6404962829013462,0.36,0.7260345431968606
fs2,8-month horizon,pooled,0.6882495324018044,0.6492475350285418,0.37,0.7260345431968606
fs2,8-month horizon,pooled,0.6765320717350644,0.6578581363004172,0.38,0.7260345431968606
fs2,8-month horizon,pooled,0.6640444493343602,0.6666482575799415,0.39,0.7260345431968606
fs2,8-month horizon,pooled,0.6527670810870283,0.6754326047358834,0.4,0.7260345431968606
fs2,8-month horizon,pooled,0.6407745626581582,0.6848139220412722,0.41,0.7260345431968606
fs2,8-month horizon,pooled,0.6272967323137859,0.6909234125060592,0.42,0.7260345431968606
fs2,8-month horizon,pooled,0.6153592254373419,0.6985574220945482,0.43,0.7260345431968606
fs2,8-month horizon,pooled,0.6025965452745077,0.7066640861879878,0.44,0.7260345431968606
fs2,8-month horizon,pooled,0.5909891077126197,0.7121644017235664,0.45,0.7260345431968606
fs2,8-month horizon,pooled,0.5791616239410277,0.7195188627665391,0.46,0.7260345431968606
fs2,8-month horizon,pooled,0.5670040708548795,0.726612618963694,0.47,0.7260345431968606
fs2,8-month horizon,pooled,0.5544614369017493,0.7341394129215529,0.48,0.7260345431968606
fs2,8-month horizon,pooled,0.5433491033116955,0.7412939057340138,0.49,0.7260345431968606
fs2,8-month horizon,pooled,0.5319067004070855,0.7489542989930287,0.5,0.7260345431968606
fs2,8-month horizon,pooled,0.5202442512927715,0.7547486033519553,0.51,0.7260345431968606
fs2,8-month horizon,pooled,0.5091319177027176,0.7614150555327026,0.52,0.7260345431968606
fs2,8-month horizon,pooled,0.49625921443503135,0.7673528411024158,0.53,0.7260345431968606
fs2,8-month horizon,pooled,0.4848718230828474,0.7749252681554423,0.54,0.7260345431968606
fs2,8-month horizon,pooled,0.47243921223456925,0.7817933545744197,0.55,0.7260345431968606
fs2,8-month horizon,pooled,0.46083177467268127,0.7876081233546446,0.56,0.7260345431968606
fs2,8-month horizon,pooled,0.4483441522719771,0.7947342759629449,0.57,0.7260345431968606
fs2,8-month horizon,pooled,0.435911541423699,0.8002423752777217,0.58,0.7260345431968606
fs2,8-month horizon,pooled,0.4232038728132908,0.8058872826314687,0.59,0.7260345431968606
fs2,8-month horizon,pooled,0.40956100781164045,0.8117980590993349,0.6,0.7260345431968606
fs2,8-month horizon,pooled,0.3949829464187479,0.8155383916401635,0.61,0.7260345431968606
fs2,8-month horizon,pooled,0.3823853009131918,0.8213399503722084,0.62,0.7260345431968606
fs2,8-month horizon,pooled,0.3709979095610078,0.8285012285012285,0.63,0.7260345431968606
fs2,8-month horizon,pooled,0.3592804488942678,0.8351662404092072,0.64,0.7260345431968606
fs2,8-month horizon,pooled,0.34679282649356363,0.8395259022506326,0.65,0.7260345431968606
fs2,8-month horizon,pooled,0.3343052040928595,0.8432079922297766,0.66,0.7260345431968606
fs2,8-month horizon,pooled,0.32253273187369347,0.8471319173529837,0.67,0.7260345431968606
fs2,8-month horizon,pooled,0.3092749477390252,0.8513022410660206,0.68,0.7260345431968606
fs2,8-month horizon,pooled,0.296622290681043,0.8550586742784649,0.69,0.7260345431968606
fs2,8-month horizon,pooled,0.2842446913851909,0.8600199733688415,0.7,0.7260345431968606
fs2,8-month horizon,pooled,0.2715920343272087,0.8637158852344297,0.71,0.7260345431968606
fs2,8-month horizon,pooled,0.25899438882165254,0.8660779985283297,0.72,0.7260345431968606
fs2,8-month horizon,pooled,0.2457916162394103,0.8685847589424572,0.73,0.7260345431968606
fs2,8-month horizon,pooled,0.23214875123775994,0.8710010319917441,0.74,0.7260345431968606
fs2,8-month horizon,pooled,0.21762570139729343,0.8746407251824011,0.75,0.7260345431968606
fs2,8-month horizon,pooled,0.20486302123445924,0.8787163756488909,0.76,0.7260345431968606
fs2,8-month horizon,pooled,0.19221036417647705,0.8829921657821582,0.77,0.7260345431968606
fs2,8-month horizon,pooled,0.17752227967873255,0.8841095890410959,0.78,0.7260345431968606
fs2,8-month horizon,pooled,0.1652547034877324,0.8924539512774807,0.79,0.7260345431968606
fs2,8-month horizon,pooled,0.15139179227637803,0.896125040703354,0.8,0.7260345431968606
fs2,8-month horizon,pooled,0.1384090659038398,0.9027628274129889,0.81,0.7260345431968606
fs2,8-month horizon,pooled,0.12630652437011772,0.9067930489731437,0.82,0.7260345431968606
fs2,8-month horizon,pooled,0.11546924854219386,0.9134029590948651,0.83,0.7260345431968606
fs2,8-month horizon,pooled,0.10320167235119375,0.916911045943304,0.84,0.7260345431968606
fs2,8-month horizon,pooled,0.09170425789415777,0.9235457063711912,0.85,0.7260345431968606
fs2,8-month horizon,pooled,0.08059192430410386,0.9295685279187818,0.86,0.7260345431968606
fs2,8-month horizon,pooled,0.07107492573440423,0.9369108049311095,0.87,0.7260345431968606
fs2,8-month horizon,pooled,0.06128286940257454,0.9456706281833617,0.88,0.7260345431968606
fs2,8-month horizon,pooled,0.05358125206293322,0.9549019607843138,0.89,0.7260345431968606
fs2,8-month horizon,pooled,0.0459346462757179,0.9653179190751445,0.9,0.7260345431968606
fs2,8-month horizon,pooled,0.037627901859390474,0.9674681753889675,0.91,0.7260345431968606
fs2,8-month horizon,pooled,0.031136538673121356,0.9691780821917808,0.92,0.7260345431968606
fs2,8-month horizon,pooled,0.023709979095610078,0.9663677130044843,0.93,0.7260345431968606
fs2,8-month horizon,pooled,0.015953350203542743,0.9602649006622517,0.94,0.7260345431968606
fs2,8-month horizon,pooled,0.009572010122125647,0.9508196721311475,0.95,0.7260345431968606
fs2,8-month horizon,pooled,0.00517108592804489,0.94,0.96,0.7260345431968606
fs2,8-month horizon,pooled,0.001980415887336341,0.9230769230769231,0.97,0.7260345431968606
fs2,8-month horizon,pooled,0.0002750577621300473,0.8333333333333334,0.98,0.7260345431968606
fs2,8-month horizon,pooled,0.0,1.0,,0.7260345431968606
fs2,8-month horizon,partitioned,1.0,0.29230249722619756,0.0,0.7498930427045492
fs2,8-month horizon,partitioned,1.0,0.2978388740517425,0.01,0.7498930427045492
fs2,8-month horizon,partitioned,0.9994498844757399,0.304729956390473,0.02,0.7498930427045492
fs2,8-month horizon,partitioned,0.9978545494553857,0.3133085758701097,0.03,0.7498930427045492
fs2,8-month horizon,partitioned,0.9956540873583453,0.3219946983579142,0.04,0.7498930427045492
fs2,8-month horizon,partitioned,0.9929035097370448,0.331058896898329,0.05,0.7498930427045492
fs2,8-month horizon,partitioned,0.9900429090108923,0.3403752316828687,0.06,0.7498930427045492
fs2,8-month horizon,partitioned,0.9868522389701837,0.3499336766541823,0.07,0.7498930427045492
fs2,8-month horizon,partitioned,0.9839366266916052,0.3592504067326812,0.08,0.7498930427045492
fs2,8-month horizon,partitioned,0.9808009682033227,0.3685124325665034,0.09,0.7498930427045492
fs2,8-month horizon,partitioned,0.9764550555616679,0.3773464571950934,0.1,0.7498930427045492
fs2,8-month horizon,partitioned,0.9722191660248652,0.3864555771795937,0.11,0.7498930427045492
fs2,8-month horizon,partitioned,0.9677082187259325,0.3961490823105506,0.12,0.7498930427045492
fs2,8-month horizon,partitioned,0.9629222136648696,0.4058898550724638,0.13,0.7498930427045492
fs2,8-month horizon,partitioned,0.9563758389261745,0.4161181454797865,0.14,0.7498930427045492
fs2,8-month horizon,partitioned,0.9503245681593134,0.42604878289392556,0.15,0.7498930427045492
fs2,8-month horizon,partitioned,0.9443283089448784,0.4364607170099161,0.16,0.7498930427045492
fs2,8-month horizon,partitioned,0.9383870612828694,0.44716491467218916,0.17,0.7498930427045492
fs2,8-month horizon,partitioned,0.9317856749917482,0.45724003887269193,0.18,0.7498930427045492
fs2,8-month horizon,partitioned,0.9241390692045329,0.4674049136084138,0.19,0.7498930427045492
fs2,8-month horizon,partitioned,0.9167675211794477,0.47868673522146266,0.2,0.7498930427045492
fs2,8-month horizon,partitioned,0.9085157883155462,0.4900011868027534,0.21,0.7498930427045492
fs2,8-month horizon,partitioned,0.9004841016613488,0.5004892068733565,0.22,0.7498930427045492
fs2,8-month horizon,partitioned,0.8919022994828915,0.5110319611674967,0.23,0.7498930427045492
fs2,8-month horizon,partitioned,0.883815601276268,0.5210650925955956,0.24,0.7498930427045492
fs2,8-month horizon,partitioned,0.8761689954890527,0.5310416110962923,0.25,0.7498930427045492
fs2,8-month horizon,partitioned,0.8678072395202993,0.5395375880703195,0.26,0.7498930427045492
fs2,8-month horizon,partitioned,0.8593354604466938,0.5490492425573793,0.27,0.7498930427045492
fs2,8-month horizon,partitioned,0.8494333810100121,0.5581017096179565,0.28,0.7498930427045492
fs2,8-month horizon,partitioned,0.8407415557267026,0.5669399413881366,0.29,0.7498930427045492
fs2,8-month horizon,partitioned,0.8305644185278909,0.5750523709769567,0.3,0.7498930427045492
fs2,8-month horizon,partitioned,0.8208273737484871,0.5845183531163082,0.31,0.7498930427045492
fs2,8-month horizon,partitioned,0.8111453405215096,0.5933362842541547,0.32,0.7498930427045492
fs2,8-month horizon,partitioned,0.7998679722741776,0.6016219794769944,0.33,0.7498930427045492
fs2,8-month horizon,partitioned,0.7897458466277918,0.609570718865441,0.34,0.7498930427045492
fs2,8-month horizon,partitioned,0.779183628561998,0.6184612697580997,0.35,0.7498930427045492
fs2,8-month horizon,partitioned,0.7687864451534823,0.6255035359412765,0.36,0.7498930427045492
fs2,8-month horizon,partitioned,0.7590494003740785,0.6334588192085208,0.37,0.7498930427045492
fs2,8-month horizon,partitioned,0.7470568819452085,0.6408078520196301,0.38,0.7498930427045492
fs2,8-month horizon,partitioned,0.7356144790405985,0.6488112566715187,0.39,0.7498930427045492
fs2,8-month horizon,partitioned,0.7250522609748047,0.6558519108280255,0.4,0.7498930427045492
fs2,8-month horizon,partitioned,0.7145450544614369,0.6626702719249018,0.41,0.7498930427045492
fs2,8-month horizon,partitioned,0.7033777093189569,0.6691438141092736,0.42,0.7498930427045492
fs2,8-month horizon,partitioned,0.6928154912531632,0.6772424177242418,0.43,0.7498930427045492
fs2,8-month horizon,partitioned,0.680492903509737,0.6846358202346691,0.44,0.7498930427045492
fs2,8-month horizon,partitioned,0.6680052811090329,0.692856327741641,0.45,0.7498930427045492
fs2,8-month horizon,partitioned,0.6560127626801628,0.7002759997651066,0.46,0.7498930427045492
fs2,8-month horizon,partitioned,0.6438001980415887,0.7081996974281392,0.47,0.7498930427045492
fs2,8-month horizon,partitioned,0.6343382110243151,0.7161222208421314,0.48,0.7498930427045492
fs2,8-month horizon,partitioned,0.6230058312245571,0.7237809164696107,0.49,0.7498930427045492
fs2,8-month horizon,partitioned,0.6128286940257454,0.7320278617426732,0.5,0.7498930427045492
fs2,8-month horizon,partitioned,0.6021564528550996,0.7397445428127323,0.51,0.7498930427045492
fs2,8-month horizon,partitioned,0.5905490152932116,0.7467306622148024,0.52,0.7498930427045492
fs2,8-month horizon,partitioned,0.5799317856749917,0.7541311967951928,0.53,0.7498930427045492
fs2,8-month horizon,partitioned,0.56947959071405,0.7606171932402646,0.54,0.7498930427045492
fs2,8-month horizon,partitioned,0.5589173726482561,0.7673136470055132,0.55,0.7498930427045492
fs2,8-month horizon,partitioned,0.5486302123445924,0.7750233136462543,0.56,0.7498930427045492
fs2,8-month horizon,partitioned,0.5376279018593905,0.7817149256119021,0.57,0.7498930427045492
fs2,8-month horizon,partitioned,0.5249202332489823,0.7882041962663142,0.58,0.7498930427045492
fs2,8-month horizon,partitioned,0.5132027725822422,0.7938223281143635,0.59,0.7498930427045492
fs2,8-month horizon,partitioned,0.49911981516118387,0.7995946065039218,0.6,0.7498930427045492
fs2,8-month horizon,partitioned,0.4870172736274618,0.8058438012015292,0.61,0.7498930427045492
fs2,8-month horizon,partitioned,0.47403454725492356,0.8113935969868173,0.62,0.7498930427045492
fs2,8-month horizon,partitioned,0.46215205193090547,0.8158686996212489,0.63,0.7498930427045492
fs2,8-month horizon,partitioned,0.4490593024535152,0.8214752943544329,0.64,0.7498930427045492
fs2,8-month horizon,partitioned,0.436021564528551,0.8268307949092426,0.65,0.7498930427045492
fs2,8-month horizon,partitioned,0.424689184728793,0.8336032825828744,0.66,0.7498930427045492
fs2,8-month horizon,partitioned,0.4118714930135328,0.8374720357941835,0.67,0.7498930427045492
fs2,8-month horizon,partitioned,0.39734844317306633,0.842037771042201,0.68,0.7498930427045492
fs2,8-month horizon,partitioned,0.3842556936956761,0.8467693053703479,0.69,0.7498930427045492
fs2,8-month horizon,partitioned,0.37061282869402573,0.8509536440570923,0.7,0.7498930427045492
fs2,8-month horizon,partitioned,0.3569149521399494,0.8537965521779182,0.71,0.7498930427045492
fs2,8-month horizon,partitioned,0.3424469138519089,0.857792476229847,0.72,0.7498930427045492
fs2,8-month horizon,partitioned,0.3295742105842227,0.8611470461405778,0.73,0.7498930427045492
fs2,8-month horizon,partitioned,0.3145560567719221,0.8646605171631635,0.74,0.7498930427045492
fs2,8-month horizon,partitioned,0.30036307624601166,0.8668042546435942,0.75,0.7498930427045492
fs2,8-month horizon,partitioned,0.2874353614258994,0.8701082431307244,0.76,0.7498930427045492
fs2,8-month horizon,partitioned,0.2750577621300473,0.8718395815170009,0.77,0.7498930427045492
fs2,8-month horizon,partitioned,0.26240510507206516,0.874266862170088,0.78,0.7498930427045492
fs2,8-month horizon,partitioned,0.2506876444053251,0.8753361505954668,0.79,0.7498930427045492
fs2,8-month horizon,partitioned,0.23842006821432501,0.8764408493427704,0.8,0.7498930427045492
fs2,8-month horizon,partitioned,0.22774782704367919,0.87730451366815,0.81,0.7498930427045492
fs2,8-month horizon,partitioned,0.2174606667400154,0.88020485415275,0.82,0.7498930427045492
fs2,8-month horizon,partitioned,0.20552315986357134,0.8832151300236407,0.83,0.7498930427045492
fs2,8-month horizon,partitioned,0.19463087248322147,0.8851638729046785,0.84,0.7498930427045492
fs2,8-month horizon,partitioned,0.18395863131257564,0.8898350186269293,0.85,0.7498930427045492
fs2,8-month horizon,partitioned,0.1732313785895038,0.8933333333333333,0.86,0.7498930427045492
fs2,8-month horizon,partitioned,0.16129387171305976,0.8963619688168756,0.87,0.7498930427045492
fs2,8-month horizon,partitioned,0.14847617999779955,0.902373788030759,0.88,0.7498930427045492
fs2,8-month horizon,partitioned,0.1377489272747277,0.9085631349782293,0.89,0.7498930427045492
fs2,8-month horizon,partitioned,0.1255913741885796,0.9139311449159327,0.9,0.7498930427045492
fs2,8-month horizon,partitioned,0.11546924854219386,0.9250771264874394,0.91,0.7498930427045492
fs2,8-month horizon,partitioned,0.10512707668610408,0.9367647058823529,0.92,0.7498930427045492
fs2,8-month horizon,partitioned,0.09373968533392012,0.9493036211699164,0.93,0.7498930427045492
fs2,8-month horizon,partitioned,0.08246231708658819,0.9615137908915972,0.94,0.7498930427045492
fs2,8-month horizon,partitioned,0.07129497194410826,0.968609865470852,0.95,0.7498930427045492
fs2,8-month horizon,partitioned,0.05996259214435031,0.9793351302785265,0.96,0.7498930427045492
fs2,8-month horizon,partitioned,0.04989547805039058,0.990174672489083,0.97,0.7498930427045492
fs2,8-month horizon,partitioned,0.038178017383650564,0.9914285714285714,0.98,0.7498930427045492
fs2,8-month horizon,partitioned,0.031906700407085486,0.9948542024013722,0.99,0.7498930427045492
fs2,8-month horizon,partitioned,0.021894597865551767,0.9974937343358395,1.0,0.7498930427045492
fs2,8-month horizon,partitioned,0.0,1.0,,0.7498930427045492
fs3,12-month horizon,pooled,1.0,0.29230249722619756,0.0,0.6812876831722259
fs3,12-month horizon,pooled,0.999944988447574,0.295397666330809,0.01,0.6812876831722259
fs3,12-month horizon,pooled,0.999504896028166,0.3000908415228343,0.02,0.6812876831722259
fs3,12-month horizon,pooled,0.9986247111893498,0.30548263327948305,0.03,0.6812876831722259
fs3,12-month horizon,pooled,0.9968643415117174,0.31160367300615605,0.04,0.6812876831722259
fs3,12-month horizon,pooled,0.9949939487292332,0.31820900774102745,0.05,0.6812876831722259
fs3,12-month horizon,pooled,0.9933986137088788,0.3249887519121749,0.06,0.6812876831722259
fs3,12-month horizon,pooled,0.9910331169545604,0.33153594169825906,0.07,0.6812876831722259
fs3,12-month horizon,pooled,0.98855759709539,0.33816334211516746,0.08,0.6812876831722259
fs3,12-month horizon,pooled,0.9854769501595335,0.3447386652297745,0.09,0.6812876831722259
fs3,12-month horizon,pooled,0.9810760259654527,0.3508557938225457,0.1,0.6812876831722259
fs3,12-month horizon,pooled,0.9782154252393003,0.3580028186027783,0.11,0.6812876831722259
fs3,12-month horizon,pooled,0.9741445703597755,0.36489521729275276,0.12,0.6812876831722259
fs3,12-month horizon,pooled,0.9692485421938607,0.37185791773073595,0.13,0.6812876831722259
fs3,12-month horizon,pooled,0.9642975024755198,0.3789070943755134,0.14,0.6812876831722259
fs3,12-month horizon,pooled,0.9584662779183628,0.3864135376699417,0.15,0.6812876831722259
fs3,12-month horizon,pooled,0.9509296952359996,0.3944594039523527,0.16,0.6812876831722259
fs3,12-month horizon,pooled,0.9436681703157663,0.4029976976929944,0.17,0.6812876831722259
fs3,12-month horizon,pooled,0.9353614258994389,0.4117647058823529,0.18,0.6812876831722259
fs3,12-month horizon,pooled,0.9262295081967213,0.42071464267866066,0.19,0.6812876831722259
fs3,12-month horizon,pooled,0.9146770821872593,0.42968265453793675,0.2,0.6812876831722259
fs3,12-month horizon,pooled,0.9041698756738915,0.4399004362604716,0.21,0.6812876831722259
fs3,12-month horizon,pooled,0.8949279348663219,0.450936910965739,0.22,0.6812876831722259
fs3,12-month horizon,pooled,0.8821102431510617,0.4612264856468964,0.23,0.6812876831722259
fs3,12-month horizon,pooled,0.8696226207503576,0.47145839546674617,0.24,0.6812876831722259
fs3,12-month horizon,pooled,0.8580151831884696,0.48223726927001204,0.25,0.6812876831722259
fs3,12-month horizon,pooled,0.8462427109693036,0.4929026883270851,0.26,0.6812876831722259
fs3,12-month horizon,pooled,0.8334250192540433,0.5047476261869065,0.27,0.6812876831722259
fs3,12-month horizon,pooled,0.8189019694135768,0.5161223216143125,0.28,0.6812876831722259
fs3,12-month horizon,pooled,0.8045439542303884,0.5274642045659466,0.29,0.6812876831722259
fs3,12-month horizon,pooled,0.791066123886016,0.5392432594592568,0.3,0.6812876831722259
fs3,12-month horizon,pooled,0.7754428429970294,0.549637370350152,0.31,0.6812876831722259
fs3,12-month horizon,pooled,0.7609748047089889,0.5604716178436854,0.32,0.6812876831722259
fs3,12-month horizon,pooled,0.7453515238200022,0.5706524028134609,0.33,0.6812876831722259
fs3,12-month horizon,pooled,0.7273627461766972,0.5796326333786331,0.34,0.6812876831722259
fs3,12-month horizon,pooled,0.7119044999449885,0.5905357305831889,0.35,0.6812876831722259
fs3,12-month horizon,pooled,0.6970513807899659,0.6009770442041359,0.36,0.6812876831722259
fs3,12-month horizon,pooled,0.6814280999009792,0.6098966026587888,0.37,0.6812876831722259
fs3,12-month horizon,pooled,0.6648696226207503,0.6184944475717722,0.38,0.6812876831722259
fs3,12-month horizon,pooled,0.6483661568929475,0.6282515991471216,0.39,0.6812876831722259
fs3,12-month horizon,pooled,0.6326878644515348,0.6381998779202042,0.4,0.6812876831722259
fs3,12-month horizon,pooled,0.6183298492683463,0.6467947980204857,0.41,0.6812876831722259
fs3,12-month horizon,pooled,0.6033667070084717,0.6539080665355035,0.42,0.6812876831722259
fs3,12-month horizon,pooled,0.5882385300913192,0.6611227896624212,0.43,0.6812876831722259
fs3,12-month horizon,pooled,0.5725052260974804,0.669088337405169,0.44,0.6812876831722259
fs3,12-month horizon,pooled,0.5597975574870723,0.6779028712277663,0.45,0.6812876831722259
fs3,12-month horizon,pooled,0.5448894267796237,0.6842359767891683,0.46,0.6812876831722259
fs3,12-month horizon,pooled,0.5310815271206953,0.6912996777658432,0.47,0.6812876831722259
fs3,12-month horizon,pooled,0.5183738585102872,0.6983621136885793,0.48,0.6812876831722259
fs3,12-month horizon,pooled,0.5036857740125427,0.7029558541266795,0.49,0.6812876831722259
fs3,12-month horizon,pooled,0.4912531631642645,0.7089552238805971,0.5,0.6812876831722259
fs3,12-month horizon,pooled,0.4772252172956321,0.7150511045169798,0.51,0.6812876831722259
fs3,12-month horizon,pooled,0.46363736384640775,0.7192353643966547,0.52,0.6812876831722259
fs3,12-month horizon,pooled,0.4516448454175377,0.7241136002822367,0.53,0.6812876831722259
fs3,12-month horizon,pooled,0.43811200352073937,0.7302402347331745,0.54,0.6812876831722259
fs3,12-month horizon,pooled,0.424469138519089,0.7352072415435922,0.55,0.6812876831722259
fs3,12-month horizon,pooled,0.4116514468038288,0.7401582591493571,0.56,0.6812876831722259
fs3,12-month horizon,pooled,0.3987237319837166,0.746062789500772,0.57,0.6812876831722259
fs3,12-month horizon,pooled,0.38541093629662226,0.7522009877603607,0.58,0.6812876831722259
fs3,12-month horizon,pooled,0.3728132907910661,0.7592426618866234,0.59,0.6812876831722259
fs3,12-month horizon,pooled,0.3611508416767521,0.763905050034908,0.6,0.6812876831722259
fs3,12-month horizon,pooled,0.34734294201782373,0.7692495126705653,0.61,0.6812876831722259
fs3,12-month horizon,pooled,0.3336450654637474,0.775773855205935,0.62,0.6812876831722259
fs3,12-month horizon,pooled,0.3203872813290791,0.7802786709539121,0.63,0.6812876831722259
fs3,12-month horizon,pooled,0.30608427769831664,0.7847672778561354,0.64,0.6812876831722259
fs3,12-month horizon,pooled,0.29249642424909233,0.7909848259446594,0.65,0.6812876831722259
fs3,12-month horizon,pooled,0.28039388271537025,0.796157450796626,0.66,0.6812876831722259
fs3,12-month horizon,pooled,0.26719111013312796,0.8008244023083264,0.67,0.6812876831722259
fs3,12-month horizon,pooled,0.2534382220266256,0.805842224943152,0.68,0.6812876831722259
fs3,12-month horizon,pooled,0.2412256573880515,0.8085930296883643,0.69,0.6812876831722259
fs3,12-month horizon,pooled,0.22879304653977336,0.8156501274759757,0.7,0.6812876831722259
fs3,12-month horizon,pooled,0.2185608977885356,0.8213768864998966,0.71,0.6812876831722259
fs3,12-month horizon,pooled,0.2064583562548135,0.8264699405417308,0.72,0.6812876831722259
fs3,12-month horizon,pooled,0.19611618439872372,0.8325548808967772,0.73,0.6812876831722259
fs3,12-month horizon,pooled,0.18538893167565187,0.8393524283935243,0.74,0.6812876831722259
fs3,12-month horizon,pooled,0.17537682913411817,0.8480978983772279,0.75,0.6812876831722259
fs3,12-month horizon,pooled,0.16420948399163823,0.8550558579203666,0.76,0.6812876831722259
fs3,12-month horizon,pooled,0.15271206953460226,0.8607751937984496,0.77,0.6812876831722259
fs3,12-month horizon,pooled,0.14159973594454836,0.8646288209606987,0.78,0.6812876831722259
fs3,12-month horizon,pooled,0.1295522059632523,0.8680427570954663,0.79,0.6812876831722259
fs3,12-month horizon,pooled,0.11783474529651226,0.8735725938009788,0.8,0.6812876831722259
fs3,12-month horizon,pooled,0.10545714600066014,0.8862690707350902,0.81,0.6812876831722259
fs3,12-month horizon,pooled,0.09291451204752998,0.8894154818325435,0.82,0.6812876831722259
fs3,12-month horizon,pooled,0.081362086038068,0.9001825928180158,0.83,0.6812876831722259
fs3,12-month horizon,pooled,0.07123996039168225,0.9094101123595506,0.84,0.6812876831722259
fs3,12-month horizon,pooled,0.06155792716470459,0.9179655455291222,0.85,0.6812876831722259
fs3,12-month horizon,pooled,0.0511607437561888,0.929070929070929,0.86,0.6812876831722259
fs3,12-month horizon,pooled,0.0424139069204533,0.9390986601705238,0.87,0.6812876831722259
fs3,12-month horizon,pooled,0.03575750907690615,0.9516837481698389,0.88,0.6812876831722259
fs3,12-month horizon,pooled,0.02871603036637694,0.9666666666666667,0.89,0.6812876831722259
fs3,12-month horizon,pooled,0.021894597865551767,0.9707317073170731,0.9,0.6812876831722259
fs3,12-month horizon,pooled,0.016833535042358894,0.9776357827476039,0.91,0.6812876831722259
fs3,12-month horizon,pooled,0.0122125646385741,0.9779735682819384,0.92,0.6812876831722259
fs3,12-month horizon,pooled,0.008966883045439543,0.9878787878787879,0.93,0.6812876831722259
fs3,12-month horizon,pooled,0.006161293871713059,0.9911504424778761,0.94,0.6812876831722259
fs3,12-month horizon,pooled,0.004180877984376719,1.0,0.95,0.6812876831722259
fs3,12-month horizon,pooled,0.0024755198591704256,1.0,0.96,0.6812876831722259
fs3,12-month horizon,pooled,0.0012102541533722082,1.0,0.97,0.6812876831722259
fs3,12-month horizon,pooled,0.0004400924194080757,1.0,0.98,0.6812876831722259
fs3,12-month horizon,pooled,5.501155242600946e-05,1.0,0.99,0.6812876831722259
fs3,12-month horizon,pooled,0.0,1.0,,0.6812876831722259
fs3,12-month horizon,partitioned,1.0,0.29230249722619756,0.0,0.7004463370286801
fs3,12-month horizon,partitioned,0.999944988447574,0.2946363444799248,0.01,0.7004463370286801
fs3,12-month horizon,partitioned,0.9997799537902959,0.29971799396408133,0.02,0.7004463370286801
fs3,12-month horizon,partitioned,0.9993398613708879,0.3061496199673054,0.03,0.7004463370286801
fs3,12-month horizon,partitioned,0.9979645725602376,0.31356518131849137,0.04,0.7004463370286801
fs3,12-month horizon,partitioned,0.9958191220156233,0.32163036139440676,0.05,0.7004463370286801
fs3,12-month horizon,partitioned,0.9930685443943228,0.3297831527795539,0.06,0.7004463370286801
fs3,12-month horizon,partitioned,0.9902079436681703,0.3368830828545227,0.07,0.7004463370286801
fs3,12-month horizon,partitioned,0.9872923313895918,0.34399018649493035,0.08,0.7004463370286801
fs3,12-month horizon,partitioned,0.9842116844537353,0.350934661932877,0.09,0.7004463370286801
fs3,12-month horizon,partitioned,0.9813510837275828,0.3583567697870631,0.1,0.7004463370286801
fs3,12-month horizon,partitioned,0.9772802288480581,0.3656327824315146,0.11,0.7004463370286801
fs3,12-month horizon,partitioned,0.9729893277588294,0.37368743529610615,0.12,0.7004463370286801
fs3,12-month horizon,partitioned,0.9678732533832105,0.38241175447748216,0.13,0.7004463370286801
fs3,12-month horizon,partitioned,0.9626471559027395,0.3914589951232607,0.14,0.7004463370286801
fs3,12-month horizon,partitioned,0.9564858620310265,0.40081606307199336,0.15,0.7004463370286801
fs3,12-month horizon,partitioned,0.9495544064253493,0.4107023888836014,0.16,0.7004463370286801
fs3,12-month horizon,partitioned,0.94196281219056,0.42059885534622093,0.17,0.7004463370286801
fs3,12-month horizon,partitioned,0.9344812410606227,0.43027938904227564,0.18,0.7004463370286801
fs3,12-month horizon,partitioned,0.9277698316646495,0.44085740426088094,0.19,0.7004463370286801
fs3,12-month horizon,partitioned,0.9191330179337661,0.4503261279715379,0.2,0.7004463370286801
fs3,12-month horizon,partitioned,0.9106612388601606,0.46047287899860917,0.21,0.7004463370286801
fs3,12-month horizon,partitioned,0.9020794366817032,0.47012614678899084,0.22,0.7004463370286801
fs3,12-month horizon,partitioned,0.8920673341401695,0.4787293714758067,0.23,0.7004463370286801
fs3,12-month horizon,partitioned,0.8826053471228958,0.48810465470033465,0.24,0.7004463370286801
fs3,12-month horizon,partitioned,0.8739685333920123,0.4978066052516137,0.25,0.7004463370286801
fs3,12-month horizon,partitioned,0.8647816041368688,0.5068515234563921,0.26,0.7004463370286801
fs3,12-month horizon,partitioned,0.8551545824623171,0.5156400305171327,0.27,0.7004463370286801
fs3,12-month horizon,partitioned,0.8453625261304875,0.5253136430451577,0.28,0.7004463370286801
fs3,12-month horizon,partitioned,0.8355154582462317,0.5343371798480158,0.29,0.7004463370286801
fs3,12-month horizon,partitioned,0.8249532401804379,0.5432349212099258,0.3,0.7004463370286801
fs3,12-month horizon,partitioned,0.8137308834855319,0.5516932716694017,0.31,0.7004463370286801
fs3,12-month horizon,partitioned,0.8016283419518099,0.5602029832385053,0.32,0.7004463370286801
fs3,12-month horizon,partitioned,0.7897458466277918,0.5693436446559588,0.33,0.7004463370286801
fs3,12-month horizon,partitioned,0.7763780393882715,0.5769592412411594,0.34,0.7004463370286801
fs3,12-month horizon,partitioned,0.7621850588623611,0.583810888252149,0.35,0.7004463370286801
fs3,12-month horizon,partitioned,0.7492573440422489,0.5915566365531619,0.36,0.7004463370286801
fs3,12-month horizon,partitioned,0.7365496754318407,0.6006460006280562,0.37,0.7004463370286801
fs3,12-month horizon,partitioned,0.7240070414787105,0.6070851976567185,0.38,0.7004463370286801
fs3,12-month horizon,partitioned,0.7105842226867642,0.6136342042755344,0.39,0.7004463370286801
fs3,12-month horizon,partitioned,0.697656507866652,0.6211186208247624,0.4,0.7004463370286801
fs3,12-month horizon,partitioned,0.6836835735504456,0.6273282519812226,0.41,0.7004463370286801
fs3,12-month horizon,partitioned,0.6707558587303334,0.6336659390915705,0.42,0.7004463370286801
fs3,12-month horizon,partitioned,0.6582682363296293,0.6410586092360442,0.43,0.7004463370286801
fs3,12-month horizon,partitioned,0.6444603366707008,0.6478818714743945,0.44,0.7004463370286801
fs3,12-month horizon,partitioned,0.6314225987457366,0.6531239330829635,0.45,0.7004463370286801
fs3,12-month horizon,partitioned,0.6188799647926064,0.6596692857980533,0.46,0.7004463370286801
fs3,12-month horizon,partitioned,0.6054571460006601,0.6650151057401813,0.47,0.7004463370286801
fs3,12-month horizon,partitioned,0.5910991308174717,0.6716884415827967,0.48,0.7004463370286801
fs3,12-month horizon,partitioned,0.5762460116624492,0.6756320949432405,0.49,0.7004463370286801
fs3,12-month horizon,partitioned,0.5628231928705028,0.6815668509759509,0.5,0.7004463370286801
fs3,12-month horizon,partitioned,0.5474199581912201,0.6873661670235546,0.51,0.7004463370286801
fs3,12-month horizon,partitioned,0.5335020354274398,0.6930112905530942,0.52,0.7004463370286801
fs3,12-month horizon,partitioned,0.5194740895588074,0.6994296718761573,0.53,0.7004463370286801
fs3,12-month horizon,partitioned,0.5046759819562108,0.7045541817064741,0.54,0.7004463370286801
fs3,12-month horizon,partitioned,0.49042798987787434,0.7088335851156874,0.55,0.7004463370286801
fs3,12-month horizon,partitioned,0.47772032126746616,0.7145560766888834,0.56,0.7004463370286801
fs3,12-month horizon,partitioned,0.4640224447133898,0.7196484941557888,0.57,0.7004463370286801
fs3,12-month horizon,partitioned,0.45147981076025967,0.7275064267352185,0.58,0.7004463370286801
fs3,12-month horizon,partitioned,0.436241610738255,0.7318874019381634,0.59,0.7004463370286801
fs3,12-month horizon,partitioned,0.4230388381560128,0.7385708797541298,0.6,0.7004463370286801
fs3,12-month horizon,partitioned,0.4110463197271427,0.74481658692185,0.61,0.7004463370286801
fs3,12-month horizon,partitioned,0.3999339861370888,0.7525100921229686,0.62,0.7004463370286801
fs3,12-month horizon,partitioned,0.3878314446033667,0.7596164206443271,0.63,0.7004463370286801
fs3,12-month horizon,partitioned,0.37583892617449666,0.7666068222621185,0.64,0.7004463370286801
fs3,12-month horizon,partitioned,0.3634613268786445,0.7739252664870564,0.65,0.7004463370286801
fs3,12-month horizon,partitioned,0.3510287160303664,0.7812193927522038,0.66,0.7004463370286801
fs3,12-month horizon,partitioned,0.33925624381120034,0.7884172845819484,0.67,0.7004463370286801
fs3,12-month horizon,partitioned,0.32786885245901637,0.7964720032072699,0.68,0.7004463370286801
fs3,12-month horizon,partitioned,0.3158213224777203,0.803836460375245,0.69,0.7004463370286801
fs3,12-month horizon,partitioned,0.3041038618109803,0.8100820633059789,0.7,0.7004463370286801
fs3,12-month horizon,partitioned,0.2929365166685004,0.8169683952132556,0.71,0.7004463370286801
fs3,12-month horizon,partitioned,0.28094399823963034,0.8237096774193549,0.72,0.7004463370286801
fs3,12-month horizon,partitioned,0.2669160523709979,0.8261535841988762,0.73,0.7004463370286801
fs3,12-month horizon,partitioned,0.25437341841786776,0.833603749774653,0.74,0.7004463370286801
fs3,12-month horizon,partitioned,0.24287600396083178,0.8393536121673004,0.75,0.7004463370286801
fs3,12-month horizon,partitioned,0.23121355484651776,0.8453338696701529,0.76,0.7004463370286801
fs3,12-month horizon,partitioned,0.2214214985146881,0.8509513742071881,0.77,0.7004463370286801
fs3,12-month horizon,partitioned,0.21102431510617228,0.8572067039106145,0.78,0.7004463370286801
fs3,12-month horizon,partitioned,0.20189239740345472,0.8655660377358491,0.79,0.7004463370286801
fs3,12-month horizon,partitioned,0.19056001760369679,0.872544080604534,0.8,0.7004463370286801
fs3,12-month horizon,partitioned,0.17988777643305093,0.8811641067097817,0.81,0.7004463370286801
fs3,12-month horizon,partitioned,0.16949059302453515,0.890205143022248,0.82,0.7004463370286801
fs3,12-month horizon,partitioned,0.1605237099790956,0.8997841504779525,0.83,0.7004463370286801
fs3,12-month horizon,partitioned,0.15210694245791617,0.9083442838370565,0.84,0.7004463370286801
fs3,12-month horizon,partitioned,0.1424249092309385,0.9180851063829787,0.85,0.7004463370286801
fs3,12-month horizon,partitioned,0.1308174716690505,0.9192114418245072,0.86,0.7004463370286801
fs3,12-month horizon,partitioned,0.11921003410716251,0.9248826291079812,0.87,0.7004463370286801
fs3,12-month horizon,partitioned,0.10820772362196061,0.9295841209829868,0.88,0.7004463370286801
fs3,12-month horizon,partitioned,0.09616019364066454,0.9327641408751334,0.89,0.7004463370286801
fs3,12-month horizon,partitioned,0.08587303333700078,0.9381009615384616,0.9,0.7004463370286801
fs3,12-month horizon,partitioned,0.07509076906150292,0.9407305306685044,0.91,0.7004463370286801
fs3,12-month horizon,partitioned,0.0651336780723952,0.9434262948207172,0.92,0.7004463370286801
fs3,12-month horizon,partitioned,0.055671691055121576,0.9431500465983225,0.93,0.7004463370286801
fs3,12-month horizon,partitioned,0.04582462317086588,0.9433748584371461,0.94,0.7004463370286801
fs3,12-month horizon,partitioned,0.03366707008471779,0.9444444444444444,0.95,0.7004463370286801
fs3,12-month horizon,partitioned,0.02051930905490153,0.9395465994962217,0.96,0.7004463370286801
fs3,12-month horizon,partitioned,0.010507206513367806,0.9271844660194175,0.97,0.7004463370286801
fs3,12-month horizon,partitioned,0.004841016613488833,0.9072164948453608,0.98,0.7004463370286801
fs3,12-month horizon,partitioned,0.002255473649466388,0.9111111111111111,0.99,0.7004463370286801
fs3,12-month horizon,partitioned,0.0005501155242600946,1.0,1.0,0.7004463370286801
fs3,12-month horizon,partitioned,0.0,1.0,,0.7004463370286801
