test_month,model,precision,recall,f1,n,tp,fp,fn,tn,pct_err_all,pct_err_class1,scope,forecasting_horizon
2021-02,pooled,0.9418604651162792,0.3279352226720647,0.4864864864864864,5425,162,10,332,4921,0.0630414746543778,0.6720647773279352,fs1,4-month lag
2021-02,partitioned,0.8514851485148515,0.1740890688259109,0.2890756302521008,5425,86,15,408,4916,0.0779723502304147,0.8259109311740891,fs1,4-month lag
2021-02,partitioned_thresholded,0.6923076923076923,0.3097165991902834,0.4279720279720279,5425,153,68,341,4863,0.0753917050691244,0.6902834008097166,fs1,4-month lag
2021-06,pooled,0.9186046511627908,0.4674556213017751,0.6196078431372549,4385,79,7,90,4209,0.0221208665906499,0.5325443786982249,fs1,4-month lag
2021-06,partitioned,0.6428571428571429,0.2662721893491124,0.3765690376569038,4385,45,25,124,4191,0.0339794754846066,0.7337278106508875,fs1,4-month lag
2021-06,partitioned_thresholded,0.3598901098901099,0.7751479289940828,0.4915572232645402,4385,131,233,38,3983,0.0618015963511972,0.2248520710059171,fs1,4-month lag
2021-10,pooled,0.9700598802395208,0.5276872964169381,0.6835443037974684,4974,162,5,145,4662,0.0301568154402895,0.4723127035830619,fs1,4-month lag
2021-10,partitioned,0.930635838150289,0.5244299674267101,0.6708333333333334,4974,161,12,146,4655,0.0317651789304382,0.4755700325732899,fs1,4-month lag
2021-10,partitioned_thresholded,0.6004672897196262,0.8371335504885994,0.6993197278911565,4974,257,171,50,4496,0.0444310414153598,0.1628664495114006,fs1,4-month lag
2022-02,pooled,0.9857142857142858,0.3019693654266958,0.4623115577889447,4974,138,2,319,4515,0.0645355850422195,0.6980306345733042,fs1,4-month lag
2022-02,partitioned,0.9473684210526316,0.1181619256017505,0.2101167315175097,4974,54,3,403,4514,0.0816244471250502,0.8818380743982495,fs1,4-month lag
2022-02,partitioned_thresholded,0.7573529411764706,0.4507658643326039,0.5651577503429356,4974,206,66,251,4451,0.0637314032971451,0.5492341356673961,fs1,4-month lag
2022-06,pooled,0.9827586206896552,0.4763231197771588,0.6416510318949343,4864,171,3,188,4502,0.0392680921052631,0.5236768802228412,fs1,4-month lag
2022-06,partitioned,0.9586776859504132,0.3231197771587744,0.4833333333333334,4864,116,5,243,4500,0.0509868421052631,0.6768802228412256,fs1,4-month lag
2022-06,partitioned_thresholded,0.9234234234234234,0.5710306406685237,0.7056798623063684,4864,205,17,154,4488,0.03515625,0.4289693593314763,fs1,4-month lag
2022-10,pooled,0.976,0.547085201793722,0.7011494252873564,5012,122,3,101,4786,0.0207501995211492,0.452914798206278,fs1,4-month lag
2022-10,partitioned,0.9464285714285714,0.2376681614349775,0.3799283154121864,5012,53,3,170,4786,0.0345171588188348,0.7623318385650224,fs1,4-month lag
2022-10,partitioned_thresholded,0.7277486910994765,0.6233183856502242,0.6714975845410628,5012,139,52,84,4737,0.0271348762968874,0.3766816143497757,fs1,4-month lag
2023-02,pooled,0.873015873015873,0.4824561403508772,0.6214689265536723,4860,55,8,59,4738,0.0137860082304526,0.5175438596491229,fs1,4-month lag
2023-02,partitioned,0.6829268292682927,0.2456140350877192,0.3612903225806451,4860,28,13,86,4733,0.0203703703703703,0.7543859649122807,fs1,4-month lag
2023-02,partitioned_thresholded,0.3215859030837004,0.6403508771929824,0.4281524926686216,4860,73,154,41,4592,0.0401234567901234,0.3596491228070175,fs1,4-month lag
2023-06,pooled,0.967391304347826,0.541033434650456,0.6939571150097466,5555,356,12,302,4885,0.0565256525652565,0.458966565349544,fs1,4-month lag
2023-06,partitioned,0.9357142857142856,0.3981762917933131,0.5586353944562901,5555,262,18,396,4879,0.0745274527452745,0.601823708206687,fs1,4-month lag
2023-06,partitioned_thresholded,0.8189806678383128,0.7082066869300911,0.7595762021189894,5555,466,103,192,4794,0.0531053105310531,0.2917933130699088,fs1,4-month lag
2023-10,pooled,0.9607843137254902,0.3181818181818182,0.4780487804878048,5410,98,4,210,5098,0.0395563770794824,0.6818181818181818,fs1,4-month lag
2023-10,partitioned,0.875,0.1590909090909091,0.2692307692307692,5410,49,7,259,5095,0.0491682070240295,0.8409090909090909,fs1,4-month lag
2023-10,partitioned_thresholded,0.7669902912621359,0.2564935064935065,0.3844282238442822,5410,79,24,229,5078,0.0467652495378927,0.7435064935064936,fs1,4-month lag
2024-02,pooled,0.9664429530201344,0.4948453608247423,0.6545454545454545,5697,144,5,147,5401,0.0266807091451641,0.5051546391752577,fs1,4-month lag
2024-02,partitioned,0.9494949494949496,0.3230240549828179,0.4820512820512821,5697,94,5,197,5401,0.0354572582060733,0.6769759450171822,fs1,4-month lag
2024-02,partitioned_thresholded,0.6228070175438597,0.7319587628865979,0.6729857819905213,5697,213,129,78,5277,0.0363349131121642,0.268041237113402,fs1,4-month lag
2024-06,pooled,0.9606741573033708,0.504424778761062,0.6615087040618955,5697,171,7,168,5351,0.0307179217131823,0.495575221238938,fs1,4-month lag
2024-06,partitioned,0.84375,0.2389380530973451,0.3724137931034483,5697,81,15,258,5343,0.0479199578725645,0.7610619469026548,fs1,4-month lag
2024-06,partitioned_thresholded,0.4412265758091993,0.7640117994100295,0.5593952483801296,5697,259,328,80,5030,0.0716166403370194,0.2359882005899705,fs1,4-month lag
2024-10,pooled,0.9423076923076924,0.35,0.5104166666666666,5336,98,6,182,5050,0.0352323838080959,0.65,fs1,4-month lag
2024-10,partitioned,0.8148148148148148,0.0785714285714285,0.1433224755700325,5336,22,5,258,5051,0.049287856071964,0.9214285714285714,fs1,4-month lag
2024-10,partitioned_thresholded,0.5701754385964912,0.2321428571428571,0.3299492385786802,5336,65,49,215,5007,0.0494752623688155,0.7678571428571429,fs1,4-month lag
2021-02,pooled,0.9611111111111112,0.3502024291497975,0.5133531157270029,5425,173,7,321,4924,0.0604608294930875,0.6497975708502024,fs2,8-month lag
2021-02,partitioned,0.6940298507462687,0.1882591093117409,0.2961783439490446,5425,93,41,401,4890,0.0814746543778801,0.8117408906882592,fs2,8-month lag
2021-02,partitioned_thresholded,0.3938294010889292,0.4392712550607287,0.415311004784689,5425,217,334,277,4597,0.112626728110599,0.5607287449392713,fs2,8-month lag
2021-06,pooled,0.9090909090909092,0.4142011834319526,0.5691056910569106,4385,70,7,99,4209,0.0241733181299886,0.5857988165680473,fs2,8-month lag
2021-06,partitioned,0.5238095238095238,0.1301775147928994,0.2085308056872038,4385,22,20,147,4196,0.0380843785632839,0.8698224852071006,fs2,8-month lag
2021-06,partitioned_thresholded,0.5391304347826087,0.3668639053254438,0.4366197183098591,4385,62,53,107,4163,0.0364880273660205,0.6331360946745562,fs2,8-month lag
2021-10,pooled,0.96875,0.504885993485342,0.6638115631691649,4974,155,5,152,4662,0.0315641334941696,0.495114006514658,fs2,8-month lag
2021-10,partitioned,0.5740740740740741,0.1009771986970684,0.1717451523545706,4974,31,23,276,4644,0.0601125854443104,0.8990228013029316,fs2,8-month lag
2021-10,partitioned_thresholded,0.3864942528735632,0.8762214983713354,0.5363908275174476,4974,269,427,38,4240,0.0934861278648974,0.1237785016286645,fs2,8-month lag
2022-02,pooled,0.9788359788359788,0.4048140043763676,0.5727554179566564,4974,185,4,272,4513,0.0554885404101326,0.5951859956236324,fs2,8-month lag
2022-02,partitioned,0.8846153846153846,0.0503282275711159,0.0952380952380952,4974,23,3,434,4514,0.0878568556493767,0.949671772428884,fs2,8-month lag
2022-02,partitioned_thresholded,0.7864583333333334,0.3304157549234136,0.4653312788906009,4974,151,41,306,4476,0.069762766385203,0.6695842450765864,fs2,8-month lag
2022-06,pooled,0.9940828402366864,0.467966573816156,0.6363636363636364,4864,168,1,191,4504,0.0394736842105263,0.532033426183844,fs2,8-month lag
2022-06,partitioned,0.9722222222222222,0.2924791086350975,0.449678800856531,4864,105,3,254,4502,0.0528371710526315,0.7075208913649025,fs2,8-month lag
2022-06,partitioned_thresholded,0.8303886925795053,0.6545961002785515,0.7320872274143302,4864,235,48,124,4457,0.0353618421052631,0.3454038997214484,fs2,8-month lag
2022-10,pooled,0.972972972972973,0.484304932735426,0.6467065868263473,5012,108,3,115,4786,0.0235434956105347,0.515695067264574,fs2,8-month lag
2022-10,partitioned,0.7878787878787878,0.116591928251121,0.203125,5012,26,7,197,4782,0.0407023144453312,0.8834080717488789,fs2,8-month lag
2022-10,partitioned_thresholded,0.7027027027027027,0.2331838565022421,0.3501683501683502,5012,52,22,171,4767,0.0385075818036711,0.7668161434977578,fs2,8-month lag
2023-02,pooled,0.8666666666666667,0.4561403508771929,0.5977011494252873,4860,52,8,62,4738,0.0144032921810699,0.543859649122807,fs2,8-month lag
2023-02,partitioned,0.8695652173913043,0.3508771929824561,0.5,4860,40,6,74,4740,0.0164609053497942,0.6491228070175439,fs2,8-month lag
2023-02,partitioned_thresholded,0.4528301886792453,0.631578947368421,0.5274725274725275,4860,72,87,42,4659,0.0265432098765432,0.3684210526315789,fs2,8-month lag
2023-06,pooled,0.9807692307692308,0.5425531914893617,0.6986301369863013,5555,357,7,301,4890,0.0554455445544554,0.4574468085106383,fs2,8-month lag
2023-06,partitioned,0.9779411764705882,0.4042553191489361,0.5720430107526882,5555,266,6,392,4891,0.0716471647164716,0.5957446808510638,fs2,8-month lag
2023-06,partitioned_thresholded,0.7626628075253257,0.8009118541033434,0.781319495922906,5555,527,164,131,4733,0.0531053105310531,0.1990881458966565,fs2,8-month lag
2023-10,pooled,0.9477124183006536,0.4707792207792208,0.6290672451193059,5410,145,8,163,5094,0.0316081330868761,0.5292207792207793,fs2,8-month lag
2023-10,partitioned,0.7875,0.2045454545454545,0.3247422680412371,5410,63,17,245,5085,0.0484288354898336,0.7954545454545454,fs2,8-month lag
2023-10,partitioned_thresholded,0.5073313782991202,0.5616883116883117,0.5331278890600925,5410,173,168,135,4934,0.0560073937153419,0.4383116883116883,fs2,8-month lag
2024-02,pooled,0.952755905511811,0.415807560137457,0.5789473684210527,5697,121,6,170,5400,0.0308934526944005,0.584192439862543,fs2,8-month lag
2024-02,partitioned,0.9210526315789472,0.120274914089347,0.2127659574468085,5697,35,3,256,5403,0.0454625241355099,0.8797250859106529,fs2,8-month lag
2024-02,partitioned_thresholded,0.6613545816733067,0.570446735395189,0.6125461254612545,5697,166,85,125,5321,0.0368615060558188,0.4295532646048109,fs2,8-month lag
2024-06,pooled,0.9791666666666666,0.5545722713864307,0.7080979284369116,5697,188,4,151,5354,0.0272073020888186,0.4454277286135693,fs2,8-month lag
2024-06,partitioned,0.8518518518518519,0.4070796460176991,0.5508982035928144,5697,138,24,201,5334,0.0394944707740916,0.5929203539823009,fs2,8-month lag
2024-06,partitioned_thresholded,0.5914786967418546,0.696165191740413,0.6395663956639566,5697,236,163,103,5195,0.0466912410040372,0.303834808259587,fs2,8-month lag
2024-10,pooled,0.9058823529411764,0.275,0.4219178082191781,5336,77,8,203,5048,0.0395427286356821,0.725,fs2,8-month lag
2024-10,partitioned,0.5714285714285714,0.0285714285714285,0.0544217687074829,5336,8,6,272,5050,0.0520989505247376,0.9714285714285714,fs2,8-month lag
2024-10,partitioned_thresholded,0.241635687732342,0.4642857142857143,0.3178484107579462,5336,130,408,150,4648,0.1045727136431784,0.5357142857142857,fs2,8-month lag
2021-02,pooled,0.9406392694063926,0.4170040485829959,0.5778401122019635,5425,206,13,288,4918,0.0554838709677419,0.582995951417004,fs3,12-month lag
2021-02,partitioned,0.9306930693069309,0.1902834008097166,0.3159663865546218,5425,94,7,400,4924,0.0750230414746543,0.8097165991902834,fs3,12-month lag
2021-02,partitioned_thresholded,0.3192955589586523,0.8441295546558705,0.4633333333333334,5425,417,889,77,4042,0.1780645161290322,0.1558704453441295,fs3,12-month lag
2021-06,pooled,0.8888888888888888,0.378698224852071,0.5311203319502075,4385,64,8,105,4208,0.0257696693272519,0.621301775147929,fs3,12-month lag
2021-06,partitioned,0.4482758620689655,0.0769230769230769,0.1313131313131313,4385,13,16,156,4200,0.039224629418472,0.9230769230769232,fs3,12-month lag
2021-06,partitioned_thresholded,0.3134328358208955,0.621301775147929,0.4166666666666667,4385,105,230,64,3986,0.0670467502850627,0.378698224852071,fs3,12-month lag
2021-10,pooled,0.9647058823529412,0.5342019543973942,0.6876310272536689,4974,164,6,143,4661,0.0299557700040209,0.4657980456026058,fs3,12-month lag
2021-10,partitioned,0.7459016393442623,0.2964169381107492,0.4242424242424243,4974,91,31,216,4636,0.0496582227583433,0.7035830618892508,fs3,12-month lag
2021-10,partitioned_thresholded,0.6942148760330579,0.5472312703583062,0.6120218579234973,4974,168,74,139,4593,0.0428226779252111,0.4527687296416938,fs3,12-month lag
2022-02,pooled,0.9930555555555556,0.3129102844638949,0.475873544093178,4974,143,1,314,4516,0.0633293124246079,0.687089715536105,fs3,12-month lag
2022-02,partitioned,0.9107142857142856,0.111597374179431,0.1988304093567251,4974,51,5,406,4512,0.0826296743063932,0.888402625820569,fs3,12-month lag
2022-02,partitioned_thresholded,0.6647230320699709,0.4989059080962801,0.57,4974,228,115,229,4402,0.0691596300763972,0.5010940919037199,fs3,12-month lag
2022-06,pooled,0.9788359788359788,0.5153203342618384,0.6751824817518248,4864,185,4,174,4501,0.0365953947368421,0.4846796657381615,fs3,12-month lag
2022-06,partitioned,0.8305084745762712,0.4094707520891364,0.5485074626865671,4864,147,30,212,4475,0.0497532894736842,0.5905292479108635,fs3,12-month lag
2022-06,partitioned_thresholded,0.5088408644400786,0.7214484679665738,0.596774193548387,4864,259,250,100,4255,0.0719572368421052,0.2785515320334262,fs3,12-month lag
2022-10,pooled,0.9859154929577464,0.3139013452914798,0.4761904761904763,5012,70,1,153,4788,0.0307262569832402,0.6860986547085202,fs3,12-month lag
2022-10,partitioned,0.7777777777777778,0.0941704035874439,0.1679999999999999,5012,21,6,202,4783,0.0415003990422984,0.905829596412556,fs3,12-month lag
2022-10,partitioned_thresholded,0.5691489361702128,0.4798206278026906,0.5206812652068126,5012,107,81,116,4708,0.0393056664006384,0.5201793721973094,fs3,12-month lag
2023-02,pooled,0.8863636363636364,0.3421052631578947,0.4936708860759494,4860,39,5,75,4741,0.0164609053497942,0.6578947368421053,fs3,12-month lag
2023-02,partitioned,0.8421052631578947,0.1403508771929824,0.2406015037593984,4860,16,3,98,4743,0.0207818930041152,0.8596491228070176,fs3,12-month lag
2023-02,partitioned_thresholded,0.5833333333333334,0.2456140350877192,0.345679012345679,4860,28,20,86,4726,0.0218106995884773,0.7543859649122807,fs3,12-month lag
2023-06,pooled,0.9720496894409938,0.4756838905775076,0.6387755102040816,5555,313,9,345,4888,0.0637263726372637,0.5243161094224924,fs3,12-month lag
2023-06,partitioned,0.9444444444444444,0.2066869300911854,0.3391521197007481,5555,136,8,522,4889,0.0954095409540954,0.7933130699088146,fs3,12-month lag
2023-06,partitioned_thresholded,0.7572347266881029,0.71580547112462,0.7359374999999999,5555,471,151,187,4746,0.0608460846084608,0.2841945288753799,fs3,12-month lag
2023-10,pooled,0.953216374269006,0.5292207792207793,0.6805845511482255,5410,163,8,145,5094,0.0282809611829944,0.4707792207792208,fs3,12-month lag
2023-10,partitioned,0.543859649122807,0.1006493506493506,0.1698630136986301,5410,31,26,277,5076,0.0560073937153419,0.8993506493506493,fs3,12-month lag
2023-10,partitioned_thresholded,0.3084832904884318,0.3896103896103896,0.3443328550932568,5410,120,269,188,4833,0.0844731977818854,0.6103896103896104,fs3,12-month lag
2024-02,pooled,0.9485294117647058,0.4432989690721649,0.6042154566744731,5697,129,7,162,5399,0.0296647358258732,0.5567010309278351,fs3,12-month lag
2024-02,partitioned,0.9147286821705426,0.4054982817869416,0.5619047619047619,5697,118,11,173,5395,0.032297700544146,0.5945017182130584,fs3,12-month lag
2024-02,partitioned_thresholded,0.4968944099378882,0.8247422680412371,0.6201550387596898,5697,240,243,51,5163,0.0516061084781463,0.1752577319587628,fs3,12-month lag
2024-06,pooled,0.9707602339181286,0.4896755162241888,0.6509803921568628,5697,166,5,173,5353,0.0312445146568369,0.5103244837758112,fs3,12-month lag
2024-06,partitioned,0.8113207547169812,0.1268436578171091,0.2193877551020408,5697,43,10,296,5348,0.0537124802527646,0.8731563421828908,fs3,12-month lag
2024-06,partitioned_thresholded,0.7129629629629629,0.4542772861356932,0.554954954954955,5697,154,62,185,5296,0.0433561523608917,0.5457227138643068,fs3,12-month lag
2024-10,pooled,0.91875,0.525,0.6681818181818182,5336,147,13,133,5043,0.0273613193403298,0.475,fs3,12-month lag
2024-10,partitioned,0.75,0.075,0.1363636363636363,5336,21,7,259,5049,0.0498500749625187,0.925,fs3,12-month lag
2024-10,partitioned_thresholded,0.5521739130434783,0.4535714285714285,0.4980392156862745,5336,127,103,153,4953,0.047976011994003,0.5464285714285714,fs3,12-month lag
