profile_type,cluster_i,cluster_j,similarity
market_access,0,0,1.0
market_access,0,1,-0.834114349117788
market_access,0,2,0.8848598858920087
market_access,0,3,-0.8654666739796492
market_access,0,4,-0.2695943372696911
market_access,0,5,-0.0727822129949745
market_access,0,6,0.9902301942007012
market_access,0,7,-0.1854653731548986
market_access,0,8,-0.8187017478983164
market_access,0,9,-0.3332630089010412
market_access,0,10,-0.9896499099935528
market_access,0,11,0.8246425463528363
market_access,0,12,-0.26377745205047276
market_access,1,0,-0.834114349117788
market_access,1,1,0.9999999999999998
market_access,1,2,-0.4811113960873243
market_access,1,3,0.4455692754420478
market_access,1,4,0.7560408301579747
market_access,1,5,-0.48941997572425705
market_access,1,6,-0.9028804249085698
market_access,1,7,-0.38732256201484994
market_access,1,8,0.36615652548989774
market_access,1,9,0.7980386836389785
market_access,1,10,0.9046361282289576
market_access,1,11,-0.37583609797233897
market_access,1,12,0.752076714735939
market_access,2,0,0.8848598858920087
market_access,2,1,-0.4811113960873243
market_access,2,2,1.0
market_access,2,3,-0.999195622061166
market_access,2,4,0.21005520248955092
market_access,2,5,-0.5290237963280408
market_access,2,6,0.8112547570250045
market_access,2,7,-0.6218858737048657
market_access,2,8,-0.9919404176638253
market_access,2,9,0.14433494581913292
market_access,2,10,-0.8088496825760829
market_access,2,11,0.993207221211394
market_access,2,12,0.2159521664645274
market_access,3,0,-0.8654666739796492
market_access,3,1,0.4455692754420478
market_access,3,2,-0.999195622061166
market_access,3,3,1.0
market_access,3,4,-0.24909279383863236
market_access,3,5,0.5626284475122493
market_access,3,6,-0.7871552979650688
market_access,3,7,0.6527892338667522
market_access,3,8,0.9962235573839988
market_access,3,9,-0.183900174112818
market_access,3,10,0.7846189166840626
market_access,3,11,-0.9970744463570888
market_access,3,12,-0.2549334609473979
market_access,4,0,-0.2695943372696911
market_access,4,1,0.7560408301579747
market_access,4,2,0.21005520248955092
market_access,4,3,-0.24909279383863236
market_access,4,4,1.0
market_access,4,5,-0.9407983673044017
market_access,4,6,-0.40123978585200326
market_access,4,7,-0.8962667414183831
market_access,4,8,-0.3322405927694636
market_access,4,9,0.9977703386820749
market_access,4,10,0.40499348145510794
market_access,4,11,0.32239131485890865
market_access,4,12,0.9999817865456135
market_access,5,0,-0.0727822129949745
market_access,5,1,-0.48941997572425705
market_access,5,2,-0.5290237963280408
market_access,5,3,0.5626284475122493
market_access,5,4,-0.9407983673044017
market_access,5,5,1.0
market_access,5,6,0.06700136097686525
market_access,5,7,0.9935432509587359
market_access,5,8,0.6322830041591762
market_access,5,9,-0.9160777532028422
market_access,5,10,-0.07109330672532164
market_access,5,11,-0.6241733112326043
market_access,5,12,-0.9428270465233243
market_access,6,0,0.9902301942007012
market_access,6,1,-0.9028804249085698
market_access,6,2,0.8112547570250045
market_access,6,3,-0.7871552979650688
market_access,6,4,-0.40123978585200326
market_access,6,5,0.06700136097686525
market_access,6,6,0.9999999999999998
market_access,6,7,-0.046630298484604635
market_access,6,8,-0.7306327588356683
market_access,6,9,-0.4614780470806358
market_access,6,10,-0.9999915878847792
market_access,6,11,0.7377098114280205
market_access,6,12,-0.39570417437011524
market_access,7,0,-0.1854653731548986
market_access,7,1,-0.38732256201484994
market_access,7,2,-0.6218858737048657
market_access,7,3,0.6527892338667522
market_access,7,4,-0.8962667414183831
market_access,7,5,0.9935432509587359
market_access,7,6,-0.046630298484604635
market_access,7,7,1.0
market_access,7,8,0.7160975748384583
market_access,7,9,-0.8646677401319909
market_access,7,10,0.04253264159105607
market_access,7,11,-0.708783187102395
market_access,7,12,-0.8989272295227737
market_access,8,0,-0.8187017478983164
market_access,8,1,0.36615652548989774
market_access,8,2,-0.9919404176638253
market_access,8,3,0.9962235573839988
market_access,8,4,-0.3322405927694636
market_access,8,5,0.6322830041591762
market_access,8,6,-0.7306327588356683
market_access,8,7,0.7160975748384583
market_access,8,8,1.0
market_access,8,9,-0.2685501226880455
market_access,8,10,0.727826074216683
market_access,8,11,-0.9999456756221561
market_access,8,12,-0.3379271395768012
market_access,9,0,-0.3332630089010412
market_access,9,1,0.7980386836389785
market_access,9,2,0.14433494581913292
market_access,9,3,-0.183900174112818
market_access,9,4,0.9977703386820749
market_access,9,5,-0.9160777532028422
market_access,9,6,-0.4614780470806358
market_access,9,7,-0.8646677401319909
market_access,9,8,-0.2685501226880455
market_access,9,9,1.0
market_access,9,10,0.46511301835332824
market_access,9,11,0.25849509765029843
market_access,9,12,0.9973493547541996
market_access,10,0,-0.9896499099935528
market_access,10,1,0.9046361282289576
market_access,10,2,-0.8088496825760829
market_access,10,3,0.7846189166840626
market_access,10,4,0.40499348145510794
market_access,10,5,-0.07109330672532164
market_access,10,6,-0.9999915878847792
market_access,10,7,0.04253264159105607
market_access,10,8,0.727826074216683
market_access,10,9,0.46511301835332824
market_access,10,10,1.0
market_access,10,11,-0.7349344566288962
market_access,10,12,0.3994677810970726
market_access,11,0,0.8246425463528363
market_access,11,1,-0.37583609797233897
market_access,11,2,0.993207221211394
market_access,11,3,-0.9970744463570888
market_access,11,4,0.32239131485890865
market_access,11,5,-0.6241733112326043
market_access,11,6,0.7377098114280205
market_access,11,7,-0.708783187102395
market_access,11,8,-0.9999456756221561
market_access,11,9,0.25849509765029843
market_access,11,10,-0.7349344566288962
market_access,11,11,1.0
market_access,11,12,0.3280986328708269
market_access,12,0,-0.26377745205047276
market_access,12,1,0.752076714735939
market_access,12,2,0.2159521664645274
market_access,12,3,-0.2549334609473979
market_access,12,4,0.9999817865456135
market_access,12,5,-0.9428270465233243
market_access,12,6,-0.39570417437011524
market_access,12,7,-0.8989272295227737
market_access,12,8,-0.3379271395768012
market_access,12,9,0.9973493547541996
market_access,12,10,0.3994677810970726
market_access,12,11,0.3280986328708269
market_access,12,12,1.0
conflict_exposure,0,0,0.9999999999999999
conflict_exposure,0,1,0.05838515131731692
conflict_exposure,0,2,-0.43404169318679414
conflict_exposure,0,3,0.29671817337780176
conflict_exposure,0,4,-0.5115587443063992
conflict_exposure,0,5,0.486766356454393
conflict_exposure,0,6,-0.1984243228648655
conflict_exposure,0,7,0.6436185284648396
conflict_exposure,0,8,0.17315438848379855
conflict_exposure,0,9,0.8340271487712562
conflict_exposure,0,10,0.4458490521322397
conflict_exposure,0,11,0.5143051049689625
conflict_exposure,0,12,-0.5647215076824373
conflict_exposure,1,0,0.05838515131731692
conflict_exposure,1,1,0.9999999999999999
conflict_exposure,1,2,0.21951720798385557
conflict_exposure,1,3,-0.24932932362037685
conflict_exposure,1,4,0.28479799333032746
conflict_exposure,1,5,0.4933756212616221
conflict_exposure,1,6,-0.5374938034835536
conflict_exposure,1,7,0.21792896320128624
conflict_exposure,1,8,0.45267231266582664
conflict_exposure,1,9,-0.1266689202742482
conflict_exposure,1,10,0.7940813103487924
conflict_exposure,1,11,-0.628921660436443
conflict_exposure,1,12,-0.3720044374796678
conflict_exposure,2,0,-0.43404169318679414
conflict_exposure,2,1,0.21951720798385557
conflict_exposure,2,2,0.9999999999999999
conflict_exposure,2,3,-0.7360059685262331
conflict_exposure,2,4,0.0013399402645047716
conflict_exposure,2,5,-0.44533932780071245
conflict_exposure,2,6,-0.2479508045398195
conflict_exposure,2,7,-0.29389857475297815
conflict_exposure,2,8,-0.16490149313220093
conflict_exposure,2,9,-0.47647547631280845
conflict_exposure,2,10,-0.02089017373487523
conflict_exposure,2,11,-0.6166775731287802
conflict_exposure,2,12,0.2948694465551977
conflict_exposure,3,0,0.29671817337780176
conflict_exposure,3,1,-0.24932932362037685
conflict_exposure,3,2,-0.7360059685262331
conflict_exposure,3,3,1.0
conflict_exposure,3,4,0.03479248958502872
conflict_exposure,3,5,0.5659771761147729
conflict_exposure,3,6,-0.23391107556676657
conflict_exposure,3,7,0.5269164828432142
conflict_exposure,3,8,-0.13726049815263852
conflict_exposure,3,9,0.5827375757243765
conflict_exposure,3,10,0.17365827749150292
conflict_exposure,3,11,0.6755574925364595
conflict_exposure,3,12,-0.26765927552439783
conflict_exposure,4,0,-0.5115587443063992
conflict_exposure,4,1,0.28479799333032746
conflict_exposure,4,2,0.0013399402645047716
conflict_exposure,4,3,0.03479248958502872
conflict_exposure,4,4,1.0
conflict_exposure,4,5,0.1055967102362876
conflict_exposure,4,6,-0.20365161663122375
conflict_exposure,4,7,-0.3336923816513012
conflict_exposure,4,8,0.4030300415849537
conflict_exposure,4,9,-0.548759711797735
conflict_exposure,4,10,-0.08394878740930076
conflict_exposure,4,11,-0.23734877773222152
conflict_exposure,4,12,0.15172965442316805
conflict_exposure,5,0,0.486766356454393
conflict_exposure,5,1,0.4933756212616221
conflict_exposure,5,2,-0.44533932780071245
conflict_exposure,5,3,0.5659771761147729
conflict_exposure,5,4,0.1055967102362876
conflict_exposure,5,5,1.0
conflict_exposure,5,6,-0.6229170332731804
conflict_exposure,5,7,0.7381222753295351
conflict_exposure,5,8,0.226106000745342
conflict_exposure,5,9,0.5357000740184308
conflict_exposure,5,10,0.7360869867717931
conflict_exposure,5,11,0.2039606230032303
conflict_exposure,5,12,-0.629965633068248
conflict_exposure,6,0,-0.1984243228648655
conflict_exposure,6,1,-0.5374938034835536
conflict_exposure,6,2,-0.2479508045398195
conflict_exposure,6,3,-0.23391107556676657
conflict_exposure,6,4,-0.20365161663122375
conflict_exposure,6,5,-0.6229170332731804
conflict_exposure,6,6,0.9999999999999996
conflict_exposure,6,7,-0.5355600081161732
conflict_exposure,6,8,-0.10151604654488629
conflict_exposure,6,9,-0.2731898976347935
conflict_exposure,6,10,-0.6831204848924167
conflict_exposure,6,11,0.07446301289810742
conflict_exposure,6,12,0.1932287443844654
conflict_exposure,7,0,0.6436185284648396
conflict_exposure,7,1,0.21792896320128624
conflict_exposure,7,2,-0.29389857475297815
conflict_exposure,7,3,0.5269164828432142
conflict_exposure,7,4,-0.3336923816513012
conflict_exposure,7,5,0.7381222753295351
conflict_exposure,7,6,-0.5355600081161732
conflict_exposure,7,7,0.9999999999999999
conflict_exposure,7,8,-0.313361434585628
conflict_exposure,7,9,0.8603621292480094
conflict_exposure,7,10,0.7396771818544673
conflict_exposure,7,11,0.4134623214126772
conflict_exposure,7,12,-0.5991363141553173
conflict_exposure,8,0,0.17315438848379855
conflict_exposure,8,1,0.45267231266582664
conflict_exposure,8,2,-0.16490149313220093
conflict_exposure,8,3,-0.13726049815263852
conflict_exposure,8,4,0.4030300415849537
conflict_exposure,8,5,0.226106000745342
conflict_exposure,8,6,-0.10151604654488629
conflict_exposure,8,7,-0.313361434585628
conflict_exposure,8,8,0.9999999999999997
conflict_exposure,8,9,-0.2385619340853812
conflict_exposure,8,10,0.10830199793973418
conflict_exposure,8,11,-0.2563267582124695
conflict_exposure,8,12,-0.20420552021461785
conflict_exposure,9,0,0.8340271487712562
conflict_exposure,9,1,-0.1266689202742482
conflict_exposure,9,2,-0.47647547631280845
conflict_exposure,9,3,0.5827375757243765
conflict_exposure,9,4,-0.548759711797735
conflict_exposure,9,5,0.5357000740184308
conflict_exposure,9,6,-0.2731898976347935
conflict_exposure,9,7,0.8603621292480094
conflict_exposure,9,8,-0.2385619340853812
conflict_exposure,9,9,1.0
conflict_exposure,9,10,0.45574649931385935
conflict_exposure,9,11,0.7066280037532202
conflict_exposure,9,12,-0.5403188044336902
conflict_exposure,10,0,0.4458490521322397
conflict_exposure,10,1,0.7940813103487924
conflict_exposure,10,2,-0.02089017373487523
conflict_exposure,10,3,0.17365827749150292
conflict_exposure,10,4,-0.08394878740930076
conflict_exposure,10,5,0.7360869867717931
conflict_exposure,10,6,-0.6831204848924167
conflict_exposure,10,7,0.7396771818544673
conflict_exposure,10,8,0.10830199793973418
conflict_exposure,10,9,0.45574649931385935
conflict_exposure,10,10,1.0
conflict_exposure,10,11,-0.1718377067284604
conflict_exposure,10,12,-0.6098498426909839
conflict_exposure,11,0,0.5143051049689625
conflict_exposure,11,1,-0.628921660436443
conflict_exposure,11,2,-0.6166775731287802
conflict_exposure,11,3,0.6755574925364595
conflict_exposure,11,4,-0.23734877773222152
conflict_exposure,11,5,0.2039606230032303
conflict_exposure,11,6,0.07446301289810742
conflict_exposure,11,7,0.4134623214126772
conflict_exposure,11,8,-0.2563267582124695
conflict_exposure,11,9,0.7066280037532202
conflict_exposure,11,10,-0.1718377067284604
conflict_exposure,11,11,1.0
conflict_exposure,11,12,-0.21300844654293868
conflict_exposure,12,0,-0.5647215076824373
conflict_exposure,12,1,-0.3720044374796678
conflict_exposure,12,2,0.2948694465551977
conflict_exposure,12,3,-0.26765927552439783
conflict_exposure,12,4,0.15172965442316805
conflict_exposure,12,5,-0.629965633068248
conflict_exposure,12,6,0.1932287443844654
conflict_exposure,12,7,-0.5991363141553173
conflict_exposure,12,8,-0.20420552021461785
conflict_exposure,12,9,-0.5403188044336902
conflict_exposure,12,10,-0.6098498426909839
conflict_exposure,12,11,-0.21300844654293868
conflict_exposure,12,12,0.9999999999999999
error_mode,0,0,1.0
error_mode,0,1,0.994707206558079
error_mode,0,2,0.9810120824758966
error_mode,0,3,0.9919279957651498
error_mode,0,4,0.9957316495274395
error_mode,0,5,0.923743820136325
error_mode,0,6,0.6251467277384238
error_mode,0,7,0.9952534541435175
error_mode,0,8,0.9902406343669842
error_mode,0,9,0.9638609676911076
error_mode,0,10,0.9979566739632552
error_mode,0,11,0.9073747670223938
error_mode,0,12,0.9280831952846612
error_mode,1,0,0.994707206558079
error_mode,1,1,0.9999999999999998
error_mode,1,2,0.9924364961335306
error_mode,1,3,0.9928881896531688
error_mode,1,4,0.9966551875142239
error_mode,1,5,0.9525062128825884
error_mode,1,6,0.7011672860365937
error_mode,1,7,0.9813203436099088
error_mode,1,8,0.9976703475886283
error_mode,1,9,0.9789947283496164
error_mode,1,10,0.9862026311255538
error_mode,1,11,0.9199415396086169
error_mode,1,12,0.9438673875220358
error_mode,2,0,0.9810120824758966
error_mode,2,1,0.9924364961335306
error_mode,2,2,1.0
error_mode,2,3,0.99479085424487
error_mode,2,4,0.9917643518425796
error_mode,2,5,0.9798129795334489
error_mode,2,6,0.7499169765667951
error_mode,2,7,0.9595144215265592
error_mode,2,8,0.9978624041000338
error_mode,2,9,0.9935725249521323
error_mode,2,10,0.969377808638269
error_mode,2,11,0.957238743847316
error_mode,2,12,0.971265992067998
error_mode,3,0,0.9919279957651498
error_mode,3,1,0.9928881896531688
error_mode,3,2,0.99479085424487
error_mode,3,3,1.0
error_mode,3,4,0.9969793896175401
error_mode,3,5,0.9577851731026064
error_mode,3,6,0.6788692071377012
error_mode,3,7,0.9789749907504021
error_mode,3,8,0.9963301702997663
error_mode,3,9,0.9843326846567622
error_mode,3,10,0.9867182988234456
error_mode,3,11,0.9511363638680098
error_mode,3,12,0.9613199778687491
error_mode,4,0,0.9957316495274395
error_mode,4,1,0.9966551875142239
error_mode,4,2,0.9917643518425796
error_mode,4,3,0.9969793896175401
error_mode,4,4,1.0
error_mode,4,5,0.951281754475187
error_mode,4,6,0.6727626065476522
error_mode,4,7,0.9863967521712212
error_mode,4,8,0.9952012243666608
error_mode,4,9,0.9740611641702607
error_mode,4,10,0.9906241774573477
error_mode,4,11,0.9266116416263219
error_mode,4,12,0.940543065778691
error_mode,5,0,0.923743820136325
error_mode,5,1,0.9525062128825884
error_mode,5,2,0.9798129795334489
error_mode,5,3,0.9577851731026064
error_mode,5,4,0.951281754475187
error_mode,5,5,0.9999999999999999
error_mode,5,6,0.8500542187251493
error_mode,5,7,0.8877858147210721
error_mode,5,8,0.9656761003512134
error_mode,5,9,0.9793748835722317
error_mode,5,10,0.9026746589927842
error_mode,5,11,0.9603551090510016
error_mode,5,12,0.9661069746822218
error_mode,6,0,0.6251467277384238
error_mode,6,1,0.7011672860365937
error_mode,6,2,0.7499169765667951
error_mode,6,3,0.6788692071377012
error_mode,6,4,0.6727626065476522
error_mode,6,5,0.8500542187251493
error_mode,6,6,1.0
error_mode,6,7,0.5525655285419364
error_mode,6,8,0.7216596356204782
error_mode,6,9,0.7742838975520872
error_mode,6,10,0.5755142479801557
error_mode,6,11,0.7418184113504862
error_mode,6,12,0.7700656337373465
error_mode,7,0,0.9952534541435175
error_mode,7,1,0.9813203436099088
error_mode,7,2,0.9595144215265592
error_mode,7,3,0.9789749907504021
error_mode,7,4,0.9863967521712212
error_mode,7,5,0.8877858147210721
error_mode,7,6,0.5525655285419364
error_mode,7,7,1.0
error_mode,7,8,0.9724313721256005
error_mode,7,9,0.9344536591704814
error_mode,7,10,0.9987350431173274
error_mode,7,11,0.8738389413533112
error_mode,7,12,0.8923385173057475
error_mode,8,0,0.9902406343669842
error_mode,8,1,0.9976703475886283
error_mode,8,2,0.9978624041000338
error_mode,8,3,0.9963301702997663
error_mode,8,4,0.9952012243666608
error_mode,8,5,0.9656761003512134
error_mode,8,6,0.7216596356204782
error_mode,8,7,0.9724313721256005
error_mode,8,8,1.0
error_mode,8,9,0.9901559026425664
error_mode,8,10,0.9805444083020524
error_mode,8,11,0.9442180541112901
error_mode,8,12,0.963796097333981
error_mode,9,0,0.9638609676911076
error_mode,9,1,0.9789947283496164
error_mode,9,2,0.9935725249521323
error_mode,9,3,0.9843326846567622
error_mode,9,4,0.9740611641702607
error_mode,9,5,0.9793748835722317
error_mode,9,6,0.7742838975520872
error_mode,9,7,0.9344536591704814
error_mode,9,8,0.9901559026425664
error_mode,9,9,1.0
error_mode,9,10,0.9493633475207409
error_mode,9,11,0.9737305916356397
error_mode,9,12,0.9904009209054545
error_mode,10,0,0.9979566739632552
error_mode,10,1,0.9862026311255538
error_mode,10,2,0.969377808638269
error_mode,10,3,0.9867182988234456
error_mode,10,4,0.9906241774573477
error_mode,10,5,0.9026746589927842
error_mode,10,6,0.5755142479801557
error_mode,10,7,0.9987350431173274
error_mode,10,8,0.9805444083020524
error_mode,10,9,0.9493633475207409
error_mode,10,10,1.0
error_mode,10,11,0.8958566889276224
error_mode,10,12,0.9132863276105002
error_mode,11,0,0.9073747670223938
error_mode,11,1,0.9199415396086169
error_mode,11,2,0.957238743847316
error_mode,11,3,0.9511363638680098
error_mode,11,4,0.9266116416263219
error_mode,11,5,0.9603551090510016
error_mode,11,6,0.7418184113504862
error_mode,11,7,0.8738389413533112
error_mode,11,8,0.9442180541112901
error_mode,11,9,0.9737305916356397
error_mode,11,10,0.8958566889276224
error_mode,11,11,0.9999999999999999
error_mode,11,12,0.991158268780055
error_mode,12,0,0.9280831952846612
error_mode,12,1,0.9438673875220358
error_mode,12,2,0.971265992067998
error_mode,12,3,0.9613199778687491
error_mode,12,4,0.940543065778691
error_mode,12,5,0.9661069746822218
error_mode,12,6,0.7700656337373465
error_mode,12,7,0.8923385173057475
error_mode,12,8,0.963796097333981
error_mode,12,9,0.9904009209054545
error_mode,12,10,0.9132863276105002
error_mode,12,11,0.991158268780055
error_mode,12,12,1.0
