plan_a,year_a,month_a,forecasting_horizon_months_a,source_scope_a,plan_b,year_b,month_b,forecasting_horizon_months_b,source_scope_b,comparison_group,n_common_valid,adjusted_rand_index,normalized_mutual_information
GeoRF_2018_02_fs1,2018,2,4,fs1,GeoRF_2018_02_fs2,2018,2,8,fs2,across_horizons,5358,0.4962670351354765,0.4678004308888304
GeoRF_2018_02_fs1,2018,2,4,fs1,GeoRF_2018_02_fs3,2018,2,12,fs3,across_horizons,5159,0.2027933963779731,0.2586918351211039
GeoRF_2018_02_fs1,2018,2,4,fs1,GeoRF_2018_06_fs1,2018,6,4,fs1,across_months,5360,0.041043924273031926,0.08758858899043999
GeoRF_2018_02_fs1,2018,2,4,fs1,GeoRF_2018_06_fs2,2018,6,8,fs2,mixed,5360,0.07567968055462458,0.13521863742861004
GeoRF_2018_02_fs1,2018,2,4,fs1,GeoRF_2018_06_fs3,2018,6,12,fs3,mixed,5358,0.0036536312227449133,0.00376701044886389
GeoRF_2018_02_fs1,2018,2,4,fs1,GeoRF_2018_10_fs1,2018,10,4,fs1,across_months,5360,0.0023885202790498417,0.0017800865687910984
GeoRF_2018_02_fs1,2018,2,4,fs1,GeoRF_2018_10_fs2,2018,10,8,fs2,mixed,5360,0.08716704171661434,0.13314588260731544
GeoRF_2018_02_fs1,2018,2,4,fs1,GeoRF_2018_10_fs3,2018,10,12,fs3,mixed,5360,0.04651331965705731,0.09415359532353351
GeoRF_2018_02_fs1,2018,2,4,fs1,GeoRF_2019_02_fs2,2019,2,8,fs2,mixed,5360,0.32026868368605216,0.2860589550157552
GeoRF_2018_02_fs1,2018,2,4,fs1,GeoRF_2019_02_fs3,2019,2,12,fs3,mixed,5360,0.5301723692287268,0.42515837151215136
GeoRF_2018_02_fs1,2018,2,4,fs1,GeoRF_2019_06_fs2,2019,6,8,fs2,mixed,5360,0.18524584435397054,0.20196607023120652
GeoRF_2018_02_fs1,2018,2,4,fs1,GeoRF_2019_06_fs3,2019,6,12,fs3,mixed,5360,0.25429808171031865,0.24973922567768309
GeoRF_2018_02_fs1,2018,2,4,fs1,GeoRF_2019_10_fs2,2019,10,8,fs2,mixed,5360,0.17445648650082,0.16715234028241757
GeoRF_2018_02_fs1,2018,2,4,fs1,GeoRF_2019_10_fs3,2019,10,12,fs3,mixed,0,,
GeoRF_2018_02_fs1,2018,2,4,fs1,GeoRF_2020_02_fs1,2020,2,4,fs1,across_years,5360,0.1863732765790198,0.21533468103933912
GeoRF_2018_02_fs1,2018,2,4,fs1,GeoRF_2020_02_fs2,2020,2,8,fs2,mixed,5360,0.08596327608597258,0.11852611094102497
GeoRF_2018_02_fs1,2018,2,4,fs1,GeoRF_2020_02_fs3,2020,2,12,fs3,mixed,5360,0.005702651630087354,0.007650669485811348
GeoRF_2018_02_fs1,2018,2,4,fs1,GeoRF_2020_06_fs1,2020,6,4,fs1,mixed,0,,
GeoRF_2018_02_fs1,2018,2,4,fs1,GeoRF_2020_06_fs2,2020,6,8,fs2,mixed,5360,0.07662819904285458,0.12223282668854284
GeoRF_2018_02_fs1,2018,2,4,fs1,GeoRF_2020_06_fs3,2020,6,12,fs3,mixed,5360,0.19044620954826116,0.20422569730303333
GeoRF_2018_02_fs1,2018,2,4,fs1,GeoRF_2020_10_fs1,2020,10,4,fs1,mixed,5281,0.08246092748252844,0.10708826360464672
GeoRF_2018_02_fs1,2018,2,4,fs1,GeoRF_2020_10_fs2,2020,10,8,fs2,mixed,5281,0.1117723842377904,0.1458518615679548
GeoRF_2018_02_fs1,2018,2,4,fs1,GeoRF_2020_10_fs3,2020,10,12,fs3,mixed,5281,0.23806157524225674,0.2638338406524459
GeoRF_2018_02_fs2,2018,2,8,fs2,GeoRF_2018_02_fs3,2018,2,12,fs3,across_horizons,5159,0.35957981437729947,0.4334028769967286
GeoRF_2018_02_fs2,2018,2,8,fs2,GeoRF_2018_06_fs1,2018,6,4,fs1,mixed,5358,-0.02176526865404723,0.0542705080225681
GeoRF_2018_02_fs2,2018,2,8,fs2,GeoRF_2018_06_fs2,2018,6,8,fs2,across_months,5358,-0.018669355607239847,0.06068696031568243
GeoRF_2018_02_fs2,2018,2,8,fs2,GeoRF_2018_06_fs3,2018,6,12,fs3,mixed,5358,0.018541292916991664,0.06609275684484145
GeoRF_2018_02_fs2,2018,2,8,fs2,GeoRF_2018_10_fs1,2018,10,4,fs1,mixed,5358,0.003166662548883526,0.006601789276118862
GeoRF_2018_02_fs2,2018,2,8,fs2,GeoRF_2018_10_fs2,2018,10,8,fs2,across_months,5358,-0.03580034308871891,0.09281952640120808
GeoRF_2018_02_fs2,2018,2,8,fs2,GeoRF_2018_10_fs3,2018,10,12,fs3,mixed,5358,-0.01882924280671745,0.05233593298075427
GeoRF_2018_02_fs2,2018,2,8,fs2,GeoRF_2019_02_fs2,2019,2,8,fs2,across_years,5358,0.019061702303160708,0.20615312274858308
GeoRF_2018_02_fs2,2018,2,8,fs2,GeoRF_2019_02_fs3,2019,2,12,fs3,mixed,5358,0.12134933848304258,0.2936330644321837
GeoRF_2018_02_fs2,2018,2,8,fs2,GeoRF_2019_06_fs2,2019,6,8,fs2,mixed,5358,-0.02089035766972158,0.1418691754206384
GeoRF_2018_02_fs2,2018,2,8,fs2,GeoRF_2019_06_fs3,2019,6,12,fs3,mixed,5358,0.023585534290791417,0.16195286649936788
GeoRF_2018_02_fs2,2018,2,8,fs2,GeoRF_2019_10_fs2,2019,10,8,fs2,mixed,5358,0.007719526275436308,0.13675545413229684
GeoRF_2018_02_fs2,2018,2,8,fs2,GeoRF_2019_10_fs3,2019,10,12,fs3,mixed,0,,
GeoRF_2018_02_fs2,2018,2,8,fs2,GeoRF_2020_02_fs1,2020,2,4,fs1,mixed,5358,0.19349626649862361,0.2541277784610527
GeoRF_2018_02_fs2,2018,2,8,fs2,GeoRF_2020_02_fs2,2020,2,8,fs2,across_years,5358,-0.030358048547119074,0.07879088863220686
GeoRF_2018_02_fs2,2018,2,8,fs2,GeoRF_2020_02_fs3,2020,2,12,fs3,mixed,5358,-0.0002339913488593375,0.006421375963716377
GeoRF_2018_02_fs2,2018,2,8,fs2,GeoRF_2020_06_fs1,2020,6,4,fs1,mixed,0,,
GeoRF_2018_02_fs2,2018,2,8,fs2,GeoRF_2020_06_fs2,2020,6,8,fs2,mixed,5358,-0.03384335452350445,0.07640571727458319
GeoRF_2018_02_fs2,2018,2,8,fs2,GeoRF_2020_06_fs3,2020,6,12,fs3,mixed,5358,-0.024155609905545553,0.13970145585880214
GeoRF_2018_02_fs2,2018,2,8,fs2,GeoRF_2020_10_fs1,2020,10,4,fs1,mixed,5279,-0.0348941476986553,0.06961481001573327
GeoRF_2018_02_fs2,2018,2,8,fs2,GeoRF_2020_10_fs2,2020,10,8,fs2,mixed,5279,-0.042124444810034786,0.10113457564907243
GeoRF_2018_02_fs2,2018,2,8,fs2,GeoRF_2020_10_fs3,2020,10,12,fs3,mixed,5279,0.025036968531000278,0.16168789248611193
GeoRF_2018_02_fs3,2018,2,12,fs3,GeoRF_2018_06_fs1,2018,6,4,fs1,mixed,5159,0.03752966660875295,0.09015905964629488
GeoRF_2018_02_fs3,2018,2,12,fs3,GeoRF_2018_06_fs2,2018,6,8,fs2,mixed,5159,0.061007811278836775,0.10960094171635588
GeoRF_2018_02_fs3,2018,2,12,fs3,GeoRF_2018_06_fs3,2018,6,12,fs3,across_months,5159,0.005586648724142934,0.007515862823639628
GeoRF_2018_02_fs3,2018,2,12,fs3,GeoRF_2018_10_fs1,2018,10,4,fs1,mixed,5159,0.004686207776221401,0.003039679794237403
GeoRF_2018_02_fs3,2018,2,12,fs3,GeoRF_2018_10_fs2,2018,10,8,fs2,mixed,5159,0.08026435070400698,0.15167824856774
GeoRF_2018_02_fs3,2018,2,12,fs3,GeoRF_2018_10_fs3,2018,10,12,fs3,across_months,5159,0.03835524863296096,0.0909634093455276
GeoRF_2018_02_fs3,2018,2,12,fs3,GeoRF_2019_02_fs2,2019,2,8,fs2,mixed,5159,0.08151122330318175,0.20543377581346842
GeoRF_2018_02_fs3,2018,2,12,fs3,GeoRF_2019_02_fs3,2019,2,12,fs3,across_years,5159,0.20043790177064505,0.29442329785075594
GeoRF_2018_02_fs3,2018,2,12,fs3,GeoRF_2019_06_fs2,2019,6,8,fs2,mixed,5159,0.17334659695248922,0.22238622873591588
GeoRF_2018_02_fs3,2018,2,12,fs3,GeoRF_2019_06_fs3,2019,6,12,fs3,mixed,5159,0.06309181834056718,0.1554673488537201
GeoRF_2018_02_fs3,2018,2,12,fs3,GeoRF_2019_10_fs2,2019,10,8,fs2,mixed,5159,0.06741659470680363,0.1674692545536725
GeoRF_2018_02_fs3,2018,2,12,fs3,GeoRF_2019_10_fs3,2019,10,12,fs3,mixed,0,,
GeoRF_2018_02_fs3,2018,2,12,fs3,GeoRF_2020_02_fs1,2020,2,4,fs1,mixed,5159,0.18755840291261186,0.27498348255041016
GeoRF_2018_02_fs3,2018,2,12,fs3,GeoRF_2020_02_fs2,2020,2,8,fs2,mixed,5159,0.08366676817597904,0.12775247211332855
GeoRF_2018_02_fs3,2018,2,12,fs3,GeoRF_2020_02_fs3,2020,2,12,fs3,across_years,5159,0.0004909968507624658,0.004566916385905631
GeoRF_2018_02_fs3,2018,2,12,fs3,GeoRF_2020_06_fs1,2020,6,4,fs1,mixed,0,,
GeoRF_2018_02_fs3,2018,2,12,fs3,GeoRF_2020_06_fs2,2020,6,8,fs2,mixed,5159,0.05403902374261955,0.12062996214441749
GeoRF_2018_02_fs3,2018,2,12,fs3,GeoRF_2020_06_fs3,2020,6,12,fs3,mixed,5159,0.1710438058278413,0.22747752005497904
GeoRF_2018_02_fs3,2018,2,12,fs3,GeoRF_2020_10_fs1,2020,10,4,fs1,mixed,5080,0.06677835845365498,0.10811141474082704
GeoRF_2018_02_fs3,2018,2,12,fs3,GeoRF_2020_10_fs2,2020,10,8,fs2,mixed,5080,0.09916283293358286,0.15757421041494118
GeoRF_2018_02_fs3,2018,2,12,fs3,GeoRF_2020_10_fs3,2020,10,12,fs3,mixed,5080,0.18123423350430615,0.2039212139429742
GeoRF_2018_06_fs1,2018,6,4,fs1,GeoRF_2018_06_fs2,2018,6,8,fs2,across_horizons,5360,0.5134032937404389,0.2978666408381003
GeoRF_2018_06_fs1,2018,6,4,fs1,GeoRF_2018_06_fs3,2018,6,12,fs3,across_horizons,5358,0.08629070631115672,0.03140632332297172
GeoRF_2018_06_fs1,2018,6,4,fs1,GeoRF_2018_10_fs1,2018,10,4,fs1,across_months,5363,0.030649033846699293,0.009915379230721156
GeoRF_2018_06_fs1,2018,6,4,fs1,GeoRF_2018_10_fs2,2018,10,8,fs2,mixed,5363,0.07038713746322312,0.06687883156307046
GeoRF_2018_06_fs1,2018,6,4,fs1,GeoRF_2018_10_fs3,2018,10,12,fs3,mixed,5360,0.6150992604370125,0.3670028584865939
GeoRF_2018_06_fs1,2018,6,4,fs1,GeoRF_2019_02_fs2,2019,2,8,fs2,mixed,5363,0.10144211157071538,0.12822691529441302
GeoRF_2018_06_fs1,2018,6,4,fs1,GeoRF_2019_02_fs3,2019,2,12,fs3,mixed,5363,0.08376012097512478,0.09628354544282913
GeoRF_2018_06_fs1,2018,6,4,fs1,GeoRF_2019_06_fs2,2019,6,8,fs2,mixed,5363,0.3276206938638426,0.22312708752555238
GeoRF_2018_06_fs1,2018,6,4,fs1,GeoRF_2019_06_fs3,2019,6,12,fs3,mixed,5363,-0.056509881509487145,0.029733583031491016
GeoRF_2018_06_fs1,2018,6,4,fs1,GeoRF_2019_10_fs2,2019,10,8,fs2,mixed,5363,-0.045103438887923245,0.02641380563358803
GeoRF_2018_06_fs1,2018,6,4,fs1,GeoRF_2019_10_fs3,2019,10,12,fs3,mixed,0,,
GeoRF_2018_06_fs1,2018,6,4,fs1,GeoRF_2020_02_fs1,2020,2,4,fs1,mixed,5363,0.030275476544589515,0.06349251870230557
GeoRF_2018_06_fs1,2018,6,4,fs1,GeoRF_2020_02_fs2,2020,2,8,fs2,mixed,5363,-0.005703199590423008,0.011719513059023084
GeoRF_2018_06_fs1,2018,6,4,fs1,GeoRF_2020_02_fs3,2020,2,12,fs3,mixed,5363,0.10751034558966761,0.028216426727958516
GeoRF_2018_06_fs1,2018,6,4,fs1,GeoRF_2020_06_fs1,2020,6,4,fs1,across_years,0,,
GeoRF_2018_06_fs1,2018,6,4,fs1,GeoRF_2020_06_fs2,2020,6,8,fs2,mixed,5363,0.46416632538023844,0.22587244124901146
GeoRF_2018_06_fs1,2018,6,4,fs1,GeoRF_2020_06_fs3,2020,6,12,fs3,mixed,5363,0.2024573375576232,0.130303601632805
GeoRF_2018_06_fs1,2018,6,4,fs1,GeoRF_2020_10_fs1,2020,10,4,fs1,mixed,5284,-0.001982330882586178,0.009426624030797645
GeoRF_2018_06_fs1,2018,6,4,fs1,GeoRF_2020_10_fs2,2020,10,8,fs2,mixed,5284,0.07974138641216486,0.03955730209701765
GeoRF_2018_06_fs1,2018,6,4,fs1,GeoRF_2020_10_fs3,2020,10,12,fs3,mixed,5284,0.21339974895594305,0.1234391395372266
GeoRF_2018_06_fs2,2018,6,8,fs2,GeoRF_2018_06_fs3,2018,6,12,fs3,across_horizons,5358,0.0837827075152836,0.027952332687782147
GeoRF_2018_06_fs2,2018,6,8,fs2,GeoRF_2018_10_fs1,2018,10,4,fs1,mixed,5360,0.04018626916661635,0.00823489121407753
GeoRF_2018_06_fs2,2018,6,8,fs2,GeoRF_2018_10_fs2,2018,10,8,fs2,across_months,5360,0.09578170712973993,0.04266201206735441
GeoRF_2018_06_fs2,2018,6,8,fs2,GeoRF_2018_10_fs3,2018,10,12,fs3,mixed,5360,0.6392678136214747,0.39486769788123177
GeoRF_2018_06_fs2,2018,6,8,fs2,GeoRF_2019_02_fs2,2019,2,8,fs2,mixed,5360,0.0994951723158774,0.12353873850881263
GeoRF_2018_06_fs2,2018,6,8,fs2,GeoRF_2019_02_fs3,2019,2,12,fs3,mixed,5360,0.08313691133839701,0.07679870592796645
GeoRF_2018_06_fs2,2018,6,8,fs2,GeoRF_2019_06_fs2,2019,6,8,fs2,across_years,5360,0.39253247722590384,0.24646940173879003
GeoRF_2018_06_fs2,2018,6,8,fs2,GeoRF_2019_06_fs3,2019,6,12,fs3,mixed,5360,-0.069554869564725,0.02682359748871293
GeoRF_2018_06_fs2,2018,6,8,fs2,GeoRF_2019_10_fs2,2019,10,8,fs2,mixed,5360,-0.0530723521579398,0.032186854561390046
GeoRF_2018_06_fs2,2018,6,8,fs2,GeoRF_2019_10_fs3,2019,10,12,fs3,mixed,0,,
GeoRF_2018_06_fs2,2018,6,8,fs2,GeoRF_2020_02_fs1,2020,2,4,fs1,mixed,5360,0.03785204559989527,0.06306182506889885
GeoRF_2018_06_fs2,2018,6,8,fs2,GeoRF_2020_02_fs2,2020,2,8,fs2,mixed,5360,0.047713683420649675,0.006218345869305073
GeoRF_2018_06_fs2,2018,6,8,fs2,GeoRF_2020_02_fs3,2020,2,12,fs3,mixed,5360,0.09874943639928736,0.03380765272236519
GeoRF_2018_06_fs2,2018,6,8,fs2,GeoRF_2020_06_fs1,2020,6,4,fs1,mixed,0,,
GeoRF_2018_06_fs2,2018,6,8,fs2,GeoRF_2020_06_fs2,2020,6,8,fs2,across_years,5360,0.5001360998657371,0.26080600731868386
GeoRF_2018_06_fs2,2018,6,8,fs2,GeoRF_2020_06_fs3,2020,6,12,fs3,mixed,5360,0.2540497705258099,0.12075258241318249
GeoRF_2018_06_fs2,2018,6,8,fs2,GeoRF_2020_10_fs1,2020,10,4,fs1,mixed,5281,0.0273368505639606,0.00464366008991313
GeoRF_2018_06_fs2,2018,6,8,fs2,GeoRF_2020_10_fs2,2020,10,8,fs2,mixed,5281,0.13876207004780328,0.06811498297906092
GeoRF_2018_06_fs2,2018,6,8,fs2,GeoRF_2020_10_fs3,2020,10,12,fs3,mixed,5281,0.2420583883232016,0.12265629758957099
GeoRF_2018_06_fs3,2018,6,12,fs3,GeoRF_2018_10_fs1,2018,10,4,fs1,mixed,5358,0.0854333640941315,0.022392166010724097
GeoRF_2018_06_fs3,2018,6,12,fs3,GeoRF_2018_10_fs2,2018,10,8,fs2,mixed,5358,0.040960294292891344,0.015931246285328767
GeoRF_2018_06_fs3,2018,6,12,fs3,GeoRF_2018_10_fs3,2018,10,12,fs3,across_months,5358,0.09562336224625927,0.05400555877114902
GeoRF_2018_06_fs3,2018,6,12,fs3,GeoRF_2019_02_fs2,2019,2,8,fs2,mixed,5358,0.01803882797984333,0.015417795787024225
GeoRF_2018_06_fs3,2018,6,12,fs3,GeoRF_2019_02_fs3,2019,2,12,fs3,mixed,5358,0.016155375009113154,0.014844266162996346
GeoRF_2018_06_fs3,2018,6,12,fs3,GeoRF_2019_06_fs2,2019,6,8,fs2,mixed,5358,0.04945166378111103,0.01994729426977012
GeoRF_2018_06_fs3,2018,6,12,fs3,GeoRF_2019_06_fs3,2019,6,12,fs3,across_years,5358,0.006793702864916278,0.008594988433230182
GeoRF_2018_06_fs3,2018,6,12,fs3,GeoRF_2019_10_fs2,2019,10,8,fs2,mixed,5358,-0.006291678747127981,0.004548148398400018
GeoRF_2018_06_fs3,2018,6,12,fs3,GeoRF_2019_10_fs3,2019,10,12,fs3,mixed,0,,
GeoRF_2018_06_fs3,2018,6,12,fs3,GeoRF_2020_02_fs1,2020,2,4,fs1,mixed,5358,0.0007033235820501953,0.0025997282040516744
GeoRF_2018_06_fs3,2018,6,12,fs3,GeoRF_2020_02_fs2,2020,2,8,fs2,mixed,5358,0.01884163394125778,0.007704066714026208
GeoRF_2018_06_fs3,2018,6,12,fs3,GeoRF_2020_02_fs3,2020,2,12,fs3,mixed,5358,0.10638252539923124,0.030658469692878155
GeoRF_2018_06_fs3,2018,6,12,fs3,GeoRF_2020_06_fs1,2020,6,4,fs1,mixed,0,,
GeoRF_2018_06_fs3,2018,6,12,fs3,GeoRF_2020_06_fs2,2020,6,8,fs2,mixed,5358,0.03168897751555227,0.010571210196138185
GeoRF_2018_06_fs3,2018,6,12,fs3,GeoRF_2020_06_fs3,2020,6,12,fs3,across_years,5358,0.009300124581229021,0.004895764688202874
GeoRF_2018_06_fs3,2018,6,12,fs3,GeoRF_2020_10_fs1,2020,10,4,fs1,mixed,5279,0.01205689480882598,0.005122437408210127
GeoRF_2018_06_fs3,2018,6,12,fs3,GeoRF_2020_10_fs2,2020,10,8,fs2,mixed,5279,0.014134254881175885,0.00872555972169259
GeoRF_2018_06_fs3,2018,6,12,fs3,GeoRF_2020_10_fs3,2020,10,12,fs3,mixed,5279,0.023421786893841237,0.006671104670973936
GeoRF_2018_10_fs1,2018,10,4,fs1,GeoRF_2018_10_fs2,2018,10,8,fs2,across_horizons,5364,0.034695891843984514,0.010971522392968572
GeoRF_2018_10_fs1,2018,10,4,fs1,GeoRF_2018_10_fs3,2018,10,12,fs3,across_horizons,5361,0.04178618040572993,0.008008192676414167
GeoRF_2018_10_fs1,2018,10,4,fs1,GeoRF_2019_02_fs2,2019,2,8,fs2,mixed,5365,0.039276088259087356,0.05464641446363499
GeoRF_2018_10_fs1,2018,10,4,fs1,GeoRF_2019_02_fs3,2019,2,12,fs3,mixed,5364,0.010942216793266828,0.00739099634898692
GeoRF_2018_10_fs1,2018,10,4,fs1,GeoRF_2019_06_fs2,2019,6,8,fs2,mixed,5364,0.02913851656211063,0.01028787505345615
GeoRF_2018_10_fs1,2018,10,4,fs1,GeoRF_2019_06_fs3,2019,6,12,fs3,mixed,5365,0.05479031477013159,0.08477683881325089
GeoRF_2018_10_fs1,2018,10,4,fs1,GeoRF_2019_10_fs2,2019,10,8,fs2,mixed,5364,-0.009052896751276296,0.0047651624448556236
GeoRF_2018_10_fs1,2018,10,4,fs1,GeoRF_2019_10_fs3,2019,10,12,fs3,mixed,0,,
GeoRF_2018_10_fs1,2018,10,4,fs1,GeoRF_2020_02_fs1,2020,2,4,fs1,mixed,5365,0.001722245402666222,0.0026178117183594343
GeoRF_2018_10_fs1,2018,10,4,fs1,GeoRF_2020_02_fs2,2020,2,8,fs2,mixed,5365,0.019991699936989668,0.0032306886308660827
GeoRF_2018_10_fs1,2018,10,4,fs1,GeoRF_2020_02_fs3,2020,2,12,fs3,mixed,5364,0.07604916916326936,0.018312902327126377
GeoRF_2018_10_fs1,2018,10,4,fs1,GeoRF_2020_06_fs1,2020,6,4,fs1,mixed,0,,
GeoRF_2018_10_fs1,2018,10,4,fs1,GeoRF_2020_06_fs2,2020,6,8,fs2,mixed,5365,0.0212433049330067,0.0023944849470924796
GeoRF_2018_10_fs1,2018,10,4,fs1,GeoRF_2020_06_fs3,2020,6,12,fs3,mixed,5365,0.019225099667854822,0.0038152045544263065
GeoRF_2018_10_fs1,2018,10,4,fs1,GeoRF_2020_10_fs1,2020,10,4,fs1,across_years,5286,0.0024789263393789453,0.0010542536771107613
GeoRF_2018_10_fs1,2018,10,4,fs1,GeoRF_2020_10_fs2,2020,10,8,fs2,mixed,5286,0.007871821250735673,0.006265362394550919
GeoRF_2018_10_fs1,2018,10,4,fs1,GeoRF_2020_10_fs3,2020,10,12,fs3,mixed,5286,0.016949063245710404,0.0036921023153786625
GeoRF_2018_10_fs2,2018,10,8,fs2,GeoRF_2018_10_fs3,2018,10,12,fs3,across_horizons,5361,0.11081191850709611,0.08457477198541863
GeoRF_2018_10_fs2,2018,10,8,fs2,GeoRF_2019_02_fs2,2019,2,8,fs2,mixed,5364,-0.07084422602318075,0.047093777523606675
GeoRF_2018_10_fs2,2018,10,8,fs2,GeoRF_2019_02_fs3,2019,2,12,fs3,mixed,5364,0.2332772369300516,0.25924483077959876
GeoRF_2018_10_fs2,2018,10,8,fs2,GeoRF_2019_06_fs2,2019,6,8,fs2,mixed,5363,0.56693222459203,0.39815143823274946
GeoRF_2018_10_fs2,2018,10,8,fs2,GeoRF_2019_06_fs3,2019,6,12,fs3,mixed,5364,-0.07374005944656381,0.04551517469764231
GeoRF_2018_10_fs2,2018,10,8,fs2,GeoRF_2019_10_fs2,2019,10,8,fs2,across_years,5363,-0.095942301395418,0.038169316281711316
GeoRF_2018_10_fs2,2018,10,8,fs2,GeoRF_2019_10_fs3,2019,10,12,fs3,mixed,0,,
GeoRF_2018_10_fs2,2018,10,8,fs2,GeoRF_2020_02_fs1,2020,2,4,fs1,mixed,5364,0.06686987015494882,0.13944781247794305
GeoRF_2018_10_fs2,2018,10,8,fs2,GeoRF_2020_02_fs2,2020,2,8,fs2,mixed,5364,0.5485264110167981,0.32848131285773646
GeoRF_2018_10_fs2,2018,10,8,fs2,GeoRF_2020_02_fs3,2020,2,12,fs3,mixed,5363,0.025858473083033552,0.005514738311482419
GeoRF_2018_10_fs2,2018,10,8,fs2,GeoRF_2020_06_fs1,2020,6,4,fs1,mixed,0,,
GeoRF_2018_10_fs2,2018,10,8,fs2,GeoRF_2020_06_fs2,2020,6,8,fs2,mixed,5364,0.1291468762031068,0.07927127976549384
GeoRF_2018_10_fs2,2018,10,8,fs2,GeoRF_2020_06_fs3,2020,6,12,fs3,mixed,5364,0.4648475625199366,0.31148542709549004
GeoRF_2018_10_fs2,2018,10,8,fs2,GeoRF_2020_10_fs1,2020,10,4,fs1,mixed,5285,0.40978378946788147,0.20818333032736672
GeoRF_2018_10_fs2,2018,10,8,fs2,GeoRF_2020_10_fs2,2020,10,8,fs2,across_years,5285,0.4196206602943336,0.2844635144927744
GeoRF_2018_10_fs2,2018,10,8,fs2,GeoRF_2020_10_fs3,2020,10,12,fs3,mixed,5285,0.37800153727099023,0.20905552208596617
GeoRF_2018_10_fs3,2018,10,12,fs3,GeoRF_2019_02_fs2,2019,2,8,fs2,mixed,5361,0.07723328795710922,0.11155293435150088
GeoRF_2018_10_fs3,2018,10,12,fs3,GeoRF_2019_02_fs3,2019,2,12,fs3,mixed,5361,0.07262869735445586,0.07269075771251911
GeoRF_2018_10_fs3,2018,10,12,fs3,GeoRF_2019_06_fs2,2019,6,8,fs2,mixed,5360,0.3223219404220812,0.20329194818972526
GeoRF_2018_10_fs3,2018,10,12,fs3,GeoRF_2019_06_fs3,2019,6,12,fs3,mixed,5361,-0.058218164857126,0.02688327783767181
GeoRF_2018_10_fs3,2018,10,12,fs3,GeoRF_2019_10_fs2,2019,10,8,fs2,mixed,5360,-0.05242990437417838,0.029861799590311048
GeoRF_2018_10_fs3,2018,10,12,fs3,GeoRF_2019_10_fs3,2019,10,12,fs3,across_years,0,,
GeoRF_2018_10_fs3,2018,10,12,fs3,GeoRF_2020_02_fs1,2020,2,4,fs1,mixed,5361,0.027330356817365006,0.055960197229255014
GeoRF_2018_10_fs3,2018,10,12,fs3,GeoRF_2020_02_fs2,2020,2,8,fs2,mixed,5361,0.062635507672338,0.041957309326018405
GeoRF_2018_10_fs3,2018,10,12,fs3,GeoRF_2020_02_fs3,2020,2,12,fs3,mixed,5360,0.11999191658365556,0.03945284519007077
GeoRF_2018_10_fs3,2018,10,12,fs3,GeoRF_2020_06_fs1,2020,6,4,fs1,mixed,0,,
GeoRF_2018_10_fs3,2018,10,12,fs3,GeoRF_2020_06_fs2,2020,6,8,fs2,mixed,5361,0.4521081750915279,0.20972920721964344
GeoRF_2018_10_fs3,2018,10,12,fs3,GeoRF_2020_06_fs3,2020,6,12,fs3,mixed,5361,0.21231043976380923,0.12996188801363817
GeoRF_2018_10_fs3,2018,10,12,fs3,GeoRF_2020_10_fs1,2020,10,4,fs1,mixed,5282,0.0534890957740017,0.03882641386337815
GeoRF_2018_10_fs3,2018,10,12,fs3,GeoRF_2020_10_fs2,2020,10,8,fs2,mixed,5282,0.056952427208137965,0.03591098137089443
GeoRF_2018_10_fs3,2018,10,12,fs3,GeoRF_2020_10_fs3,2020,10,12,fs3,across_years,5282,0.1971529082402676,0.09950424262222482
GeoRF_2019_02_fs2,2019,2,8,fs2,GeoRF_2019_02_fs3,2019,2,12,fs3,across_horizons,5364,0.581321464201198,0.5175471728339078
GeoRF_2019_02_fs2,2019,2,8,fs2,GeoRF_2019_06_fs2,2019,6,8,fs2,across_months,5364,0.050279878237652925,0.12554718889520303
GeoRF_2019_02_fs2,2019,2,8,fs2,GeoRF_2019_06_fs3,2019,6,12,fs3,mixed,5365,0.7616500266518814,0.6357657408113633
GeoRF_2019_02_fs2,2019,2,8,fs2,GeoRF_2019_10_fs2,2019,10,8,fs2,across_months,5364,0.546859428071626,0.41072205750481167
GeoRF_2019_02_fs2,2019,2,8,fs2,GeoRF_2019_10_fs3,2019,10,12,fs3,mixed,0,,
GeoRF_2019_02_fs2,2019,2,8,fs2,GeoRF_2020_02_fs1,2020,2,4,fs1,mixed,5365,0.10888545037123327,0.18545171707745756
GeoRF_2019_02_fs2,2019,2,8,fs2,GeoRF_2020_02_fs2,2020,2,8,fs2,across_years,5365,0.0022721759000733023,0.06005390351318758
GeoRF_2019_02_fs2,2019,2,8,fs2,GeoRF_2020_02_fs3,2020,2,12,fs3,mixed,5364,0.022132876042453512,0.01311734800782476
GeoRF_2019_02_fs2,2019,2,8,fs2,GeoRF_2020_06_fs1,2020,6,4,fs1,mixed,0,,
GeoRF_2019_02_fs2,2019,2,8,fs2,GeoRF_2020_06_fs2,2020,6,8,fs2,mixed,5365,0.09435984225289919,0.10021059748953429
GeoRF_2019_02_fs2,2019,2,8,fs2,GeoRF_2020_06_fs3,2020,6,12,fs3,mixed,5365,0.07243571156574956,0.11902623567949659
GeoRF_2019_02_fs2,2019,2,8,fs2,GeoRF_2020_10_fs1,2020,10,4,fs1,mixed,5286,0.053493658033017207,0.058288635110880886
GeoRF_2019_02_fs2,2019,2,8,fs2,GeoRF_2020_10_fs2,2020,10,8,fs2,mixed,5286,0.058110573295307534,0.09150351200438975
GeoRF_2019_02_fs2,2019,2,8,fs2,GeoRF_2020_10_fs3,2020,10,12,fs3,mixed,5286,0.09503988733826174,0.08932363013190049
GeoRF_2019_02_fs3,2019,2,12,fs3,GeoRF_2019_06_fs2,2019,6,8,fs2,mixed,5363,0.31271254301743845,0.28608187125115536
GeoRF_2019_02_fs3,2019,2,12,fs3,GeoRF_2019_06_fs3,2019,6,12,fs3,across_months,5364,0.4748459109563488,0.43509359189613594
GeoRF_2019_02_fs3,2019,2,12,fs3,GeoRF_2019_10_fs2,2019,10,8,fs2,mixed,5363,0.3791894180450942,0.3599612902677538
GeoRF_2019_02_fs3,2019,2,12,fs3,GeoRF_2019_10_fs3,2019,10,12,fs3,across_months,0,,
GeoRF_2019_02_fs3,2019,2,12,fs3,GeoRF_2020_02_fs1,2020,2,4,fs1,mixed,5364,0.22430841110507455,0.29519515346552044
GeoRF_2019_02_fs3,2019,2,12,fs3,GeoRF_2020_02_fs2,2020,2,8,fs2,mixed,5364,0.19804054468601512,0.17161041925307136
GeoRF_2019_02_fs3,2019,2,12,fs3,GeoRF_2020_02_fs3,2020,2,12,fs3,across_years,5363,0.01698595085288789,0.012473108591086553
GeoRF_2019_02_fs3,2019,2,12,fs3,GeoRF_2020_06_fs1,2020,6,4,fs1,mixed,0,,
GeoRF_2019_02_fs3,2019,2,12,fs3,GeoRF_2020_06_fs2,2020,6,8,fs2,mixed,5364,0.1259592074626045,0.1193278707699406
GeoRF_2019_02_fs3,2019,2,12,fs3,GeoRF_2020_06_fs3,2020,6,12,fs3,mixed,5364,0.32051249265366494,0.2615623424919815
GeoRF_2019_02_fs3,2019,2,12,fs3,GeoRF_2020_10_fs1,2020,10,4,fs1,mixed,5285,0.19271912519289097,0.13785465529620014
GeoRF_2019_02_fs3,2019,2,12,fs3,GeoRF_2020_10_fs2,2020,10,8,fs2,mixed,5285,0.2170446924541919,0.1791692852767098
GeoRF_2019_02_fs3,2019,2,12,fs3,GeoRF_2020_10_fs3,2020,10,12,fs3,mixed,5285,0.3123760665719475,0.24604957354389742
GeoRF_2019_06_fs2,2019,6,8,fs2,GeoRF_2019_06_fs3,2019,6,12,fs3,across_horizons,5364,-0.09984305332678882,0.038676420598966754
GeoRF_2019_06_fs2,2019,6,8,fs2,GeoRF_2019_10_fs2,2019,10,8,fs2,across_months,5364,-0.12306055607149909,0.05043069869135599
GeoRF_2019_06_fs2,2019,6,8,fs2,GeoRF_2019_10_fs3,2019,10,12,fs3,mixed,0,,
GeoRF_2019_06_fs2,2019,6,8,fs2,GeoRF_2020_02_fs1,2020,2,4,fs1,mixed,5364,0.14560457294785098,0.2076453902902336
GeoRF_2019_06_fs2,2019,6,8,fs2,GeoRF_2020_02_fs2,2020,2,8,fs2,mixed,5364,0.3755577898756917,0.2260008417139298
GeoRF_2019_06_fs2,2019,6,8,fs2,GeoRF_2020_02_fs3,2020,2,12,fs3,mixed,5364,0.056967840752815614,0.02162209114051669
GeoRF_2019_06_fs2,2019,6,8,fs2,GeoRF_2020_06_fs1,2020,6,4,fs1,mixed,0,,
GeoRF_2019_06_fs2,2019,6,8,fs2,GeoRF_2020_06_fs2,2020,6,8,fs2,across_years,5364,0.4541658919644774,0.28520753601973686
GeoRF_2019_06_fs2,2019,6,8,fs2,GeoRF_2020_06_fs3,2020,6,12,fs3,mixed,5364,0.6445986701047768,0.3799688025374205
GeoRF_2019_06_fs2,2019,6,8,fs2,GeoRF_2020_10_fs1,2020,10,4,fs1,mixed,5285,0.2975466665593481,0.13404009503050615
GeoRF_2019_06_fs2,2019,6,8,fs2,GeoRF_2020_10_fs2,2020,10,8,fs2,mixed,5285,0.402593771000231,0.23350396116524616
GeoRF_2019_06_fs2,2019,6,8,fs2,GeoRF_2020_10_fs3,2020,10,12,fs3,mixed,5285,0.5641222740399603,0.3110177098745195
GeoRF_2019_06_fs3,2019,6,12,fs3,GeoRF_2019_10_fs2,2019,10,8,fs2,mixed,5364,0.6328239667844783,0.4331544806111014
GeoRF_2019_06_fs3,2019,6,12,fs3,GeoRF_2019_10_fs3,2019,10,12,fs3,across_months,0,,
GeoRF_2019_06_fs3,2019,6,12,fs3,GeoRF_2020_02_fs1,2020,2,4,fs1,mixed,5365,0.0884213397251837,0.13608642356921732
GeoRF_2019_06_fs3,2019,6,12,fs3,GeoRF_2020_02_fs2,2020,2,8,fs2,mixed,5365,0.0021871832868057225,0.033398016541745804
GeoRF_2019_06_fs3,2019,6,12,fs3,GeoRF_2020_02_fs3,2020,2,12,fs3,mixed,5364,0.004615392521807893,0.004751238509059216
GeoRF_2019_06_fs3,2019,6,12,fs3,GeoRF_2020_06_fs1,2020,6,4,fs1,mixed,0,,
GeoRF_2019_06_fs3,2019,6,12,fs3,GeoRF_2020_06_fs2,2020,6,8,fs2,mixed,5365,-0.05401198102711609,0.024136425977100993
GeoRF_2019_06_fs3,2019,6,12,fs3,GeoRF_2020_06_fs3,2020,6,12,fs3,across_years,5365,-0.03209231536327554,0.04386850225269605
GeoRF_2019_06_fs3,2019,6,12,fs3,GeoRF_2020_10_fs1,2020,10,4,fs1,mixed,5286,0.06529244541933989,0.01621366489873688
GeoRF_2019_06_fs3,2019,6,12,fs3,GeoRF_2020_10_fs2,2020,10,8,fs2,mixed,5286,0.02543876413019821,0.031043776553261716
GeoRF_2019_06_fs3,2019,6,12,fs3,GeoRF_2020_10_fs3,2020,10,12,fs3,mixed,5286,-0.011633553693325726,0.010456284768360571
GeoRF_2019_10_fs2,2019,10,8,fs2,GeoRF_2019_10_fs3,2019,10,12,fs3,across_horizons,0,,
GeoRF_2019_10_fs2,2019,10,8,fs2,GeoRF_2020_02_fs1,2020,2,4,fs1,mixed,5364,0.11898166942628892,0.2072735913960824
GeoRF_2019_10_fs2,2019,10,8,fs2,GeoRF_2020_02_fs2,2020,2,8,fs2,mixed,5364,-0.0036603492596432126,0.047306549705930435
GeoRF_2019_10_fs2,2019,10,8,fs2,GeoRF_2020_02_fs3,2020,2,12,fs3,mixed,5364,0.04695388898203374,0.06699263718007341
GeoRF_2019_10_fs2,2019,10,8,fs2,GeoRF_2020_06_fs1,2020,6,4,fs1,mixed,0,,
GeoRF_2019_10_fs2,2019,10,8,fs2,GeoRF_2020_06_fs2,2020,6,8,fs2,mixed,5364,-0.07206868837947215,0.03196216507410812
GeoRF_2019_10_fs2,2019,10,8,fs2,GeoRF_2020_06_fs3,2020,6,12,fs3,mixed,5364,-0.04680947781407944,0.06649419674533802
GeoRF_2019_10_fs2,2019,10,8,fs2,GeoRF_2020_10_fs1,2020,10,4,fs1,mixed,5285,0.024274474002204588,0.04353574002081071
GeoRF_2019_10_fs2,2019,10,8,fs2,GeoRF_2020_10_fs2,2020,10,8,fs2,across_years,5285,0.025793794882112826,0.09517373979439385
GeoRF_2019_10_fs2,2019,10,8,fs2,GeoRF_2020_10_fs3,2020,10,12,fs3,mixed,5285,-0.031130977116187654,0.056388697088752555
GeoRF_2019_10_fs3,2019,10,12,fs3,GeoRF_2020_02_fs1,2020,2,4,fs1,mixed,0,,
GeoRF_2019_10_fs3,2019,10,12,fs3,GeoRF_2020_02_fs2,2020,2,8,fs2,mixed,0,,
GeoRF_2019_10_fs3,2019,10,12,fs3,GeoRF_2020_02_fs3,2020,2,12,fs3,mixed,0,,
GeoRF_2019_10_fs3,2019,10,12,fs3,GeoRF_2020_06_fs1,2020,6,4,fs1,mixed,0,,
GeoRF_2019_10_fs3,2019,10,12,fs3,GeoRF_2020_06_fs2,2020,6,8,fs2,mixed,0,,
GeoRF_2019_10_fs3,2019,10,12,fs3,GeoRF_2020_06_fs3,2020,6,12,fs3,mixed,0,,
GeoRF_2019_10_fs3,2019,10,12,fs3,GeoRF_2020_10_fs1,2020,10,4,fs1,mixed,0,,
GeoRF_2019_10_fs3,2019,10,12,fs3,GeoRF_2020_10_fs2,2020,10,8,fs2,mixed,0,,
GeoRF_2019_10_fs3,2019,10,12,fs3,GeoRF_2020_10_fs3,2020,10,12,fs3,across_years,0,,
GeoRF_2020_02_fs1,2020,2,4,fs1,GeoRF_2020_02_fs2,2020,2,8,fs2,across_horizons,5365,0.08174392942818048,0.15486520264728448
GeoRF_2020_02_fs1,2020,2,4,fs1,GeoRF_2020_02_fs3,2020,2,12,fs3,across_horizons,5364,0.005139115666305326,0.008378248948381144
GeoRF_2020_02_fs1,2020,2,4,fs1,GeoRF_2020_06_fs1,2020,6,4,fs1,across_months,0,,
GeoRF_2020_02_fs1,2020,2,4,fs1,GeoRF_2020_06_fs2,2020,6,8,fs2,mixed,5365,0.08629038148496636,0.1885382034905656
GeoRF_2020_02_fs1,2020,2,4,fs1,GeoRF_2020_06_fs3,2020,6,12,fs3,mixed,5365,0.17870622571072042,0.2808642262427043
GeoRF_2020_02_fs1,2020,2,4,fs1,GeoRF_2020_10_fs1,2020,10,4,fs1,across_months,5286,0.08281525825427573,0.13193578772212006
GeoRF_2020_02_fs1,2020,2,4,fs1,GeoRF_2020_10_fs2,2020,10,8,fs2,mixed,5286,0.0944227827220518,0.16309934266386392
GeoRF_2020_02_fs1,2020,2,4,fs1,GeoRF_2020_10_fs3,2020,10,12,fs3,mixed,5286,0.19626995857726742,0.281566013605709
GeoRF_2020_02_fs2,2020,2,8,fs2,GeoRF_2020_02_fs3,2020,2,12,fs3,across_horizons,5364,0.03557037738429799,0.01741940195093701
GeoRF_2020_02_fs2,2020,2,8,fs2,GeoRF_2020_06_fs1,2020,6,4,fs1,mixed,0,,
GeoRF_2020_02_fs2,2020,2,8,fs2,GeoRF_2020_06_fs2,2020,6,8,fs2,across_months,5365,0.03273225873596389,0.021735534272315022
GeoRF_2020_02_fs2,2020,2,8,fs2,GeoRF_2020_06_fs3,2020,6,12,fs3,mixed,5365,0.6004729623457706,0.5273884446585488
GeoRF_2020_02_fs2,2020,2,8,fs2,GeoRF_2020_10_fs1,2020,10,4,fs1,mixed,5286,0.5808440811001054,0.3910646215605667
GeoRF_2020_02_fs2,2020,2,8,fs2,GeoRF_2020_10_fs2,2020,10,8,fs2,across_months,5286,0.4831276845229603,0.28828878437287436
GeoRF_2020_02_fs2,2020,2,8,fs2,GeoRF_2020_10_fs3,2020,10,12,fs3,mixed,5286,0.3958814163580574,0.2337397829162599
GeoRF_2020_02_fs3,2020,2,12,fs3,GeoRF_2020_06_fs1,2020,6,4,fs1,mixed,0,,
GeoRF_2020_02_fs3,2020,2,12,fs3,GeoRF_2020_06_fs2,2020,6,8,fs2,mixed,5364,0.08594513275427323,0.03184298877379785
GeoRF_2020_02_fs3,2020,2,12,fs3,GeoRF_2020_06_fs3,2020,6,12,fs3,across_months,5364,0.05406869269928316,0.024873784727332142
GeoRF_2020_02_fs3,2020,2,12,fs3,GeoRF_2020_10_fs1,2020,10,4,fs1,mixed,5285,0.009186506565663334,0.0032593346170232936
GeoRF_2020_02_fs3,2020,2,12,fs3,GeoRF_2020_10_fs2,2020,10,8,fs2,mixed,5285,0.05737128194330992,0.023655993479174107
GeoRF_2020_02_fs3,2020,2,12,fs3,GeoRF_2020_10_fs3,2020,10,12,fs3,across_months,5285,0.04572114200471797,0.019332098744619202
GeoRF_2020_06_fs1,2020,6,4,fs1,GeoRF_2020_06_fs2,2020,6,8,fs2,across_horizons,0,,
GeoRF_2020_06_fs1,2020,6,4,fs1,GeoRF_2020_06_fs3,2020,6,12,fs3,across_horizons,0,,
GeoRF_2020_06_fs1,2020,6,4,fs1,GeoRF_2020_10_fs1,2020,10,4,fs1,across_months,0,,
GeoRF_2020_06_fs1,2020,6,4,fs1,GeoRF_2020_10_fs2,2020,10,8,fs2,mixed,0,,
GeoRF_2020_06_fs1,2020,6,4,fs1,GeoRF_2020_10_fs3,2020,10,12,fs3,mixed,0,,
GeoRF_2020_06_fs2,2020,6,8,fs2,GeoRF_2020_06_fs3,2020,6,12,fs3,across_horizons,5365,0.3913463974785301,0.24445766557013404
GeoRF_2020_06_fs2,2020,6,8,fs2,GeoRF_2020_10_fs1,2020,10,4,fs1,mixed,5286,0.05231574247389621,0.01141148616132108
GeoRF_2020_06_fs2,2020,6,8,fs2,GeoRF_2020_10_fs2,2020,10,8,fs2,across_months,5286,0.1653792033631198,0.08143994524833582
GeoRF_2020_06_fs2,2020,6,8,fs2,GeoRF_2020_10_fs3,2020,10,12,fs3,mixed,5286,0.3700163435327066,0.20892637134124467
GeoRF_2020_06_fs3,2020,6,12,fs3,GeoRF_2020_10_fs1,2020,10,4,fs1,mixed,5286,0.4584082537889403,0.33194329176087334
GeoRF_2020_06_fs3,2020,6,12,fs3,GeoRF_2020_10_fs2,2020,10,8,fs2,mixed,5286,0.5288628718722291,0.32368763042649235
GeoRF_2020_06_fs3,2020,6,12,fs3,GeoRF_2020_10_fs3,2020,10,12,fs3,across_months,5286,0.6679476017763686,0.4276816443537241
GeoRF_2020_10_fs1,2020,10,4,fs1,GeoRF_2020_10_fs2,2020,10,8,fs2,across_horizons,5286,0.4842011983412252,0.2957951411225529
GeoRF_2020_10_fs1,2020,10,4,fs1,GeoRF_2020_10_fs3,2020,10,12,fs3,across_horizons,5286,0.39709056144882976,0.21578406006182965
GeoRF_2020_10_fs2,2020,10,8,fs2,GeoRF_2020_10_fs3,2020,10,12,fs3,across_horizons,5286,0.5030666623546195,0.2866936337336727
