package_path,source_path,role,size_bytes,sha256,notes
README.md,generated by scripts/build_paper_reproducibility_package.py,package_documentation,1792,fd82ff2b11d185dc580f2a5cfbca4d2211cedaa40f0df04aa8230e14d21aeb03,package overview and quick validation
SOURCE_DATA.md,generated by scripts/build_paper_reproducibility_package.py,source_data_note,853,e4402a661c51566d8dc0291bac2af97d71e6f8577d72a26ae635d392ddde9224,external source data path and checksum
PAPER_ARTIFACT_MAP.md,generated by scripts/build_paper_reproducibility_package.py,paper_artifact_map,2395,eee8c220acc06d4fcd6b5f2b6a1dec194af3fe00df0a9d3ba975aec73f5ad7fd,manuscript item to artifact mapping
CONSISTENCY_AUDIT.md,generated by scripts/build_paper_reproducibility_package.py,consistency_audit,1316,3510aa7e53f002488e4ab0560635c76ed265b8c17dafe068766b07275b1e91ee,PDF-to-repo consistency summary
stage2_cluster_maps/georf/cluster_mapping_manifest.json,archived/release_20260624_reproducibility_inputs/GeoRFExperiment/knn_sparsification_results/cluster_mapping_manifest.json,stage2_cluster_map,1041,05eb5f112deae583ff3ac83f955d347bf3d39d35aa19eac1d15321d9ea45be3c,GeoRF Stage 2 manifest
stage2_cluster_maps/georf/cluster_mapping_k40_nc17_general.csv,archived/release_20260624_reproducibility_inputs/GeoRFExperiment/knn_sparsification_results/cluster_mapping_k40_nc17_general.csv,stage2_cluster_map,180410,2ccf0141f0cc1eee0423ccfcc7e3d972064a2db55fbae42c3035d1b42b431729,GeoRF general consensus map
stage2_cluster_maps/georf/cluster_mapping_k40_nc13_m2.csv,archived/release_20260624_reproducibility_inputs/GeoRFExperiment/knn_sparsification_results/cluster_mapping_k40_nc13_m2.csv,stage2_cluster_map,179307,e1958c684d931b193948733cbd93622ddb781848a03c9698aff9667f6b1a6b14,GeoRF February consensus map
stage2_cluster_maps/georf/cluster_mapping_k40_nc11_m6.csv,archived/release_20260624_reproducibility_inputs/GeoRFExperiment/knn_sparsification_results/cluster_mapping_k40_nc11_m6.csv,stage2_cluster_map,178967,46f87189a36957a0c1991c93c50df1d1212c35a57c63f212dd1afd49e14d25d0,GeoRF June consensus map
stage2_cluster_maps/georf/cluster_mapping_k40_nc16_m10.csv,archived/release_20260624_reproducibility_inputs/GeoRFExperiment/knn_sparsification_results/cluster_mapping_k40_nc16_m10.csv,stage2_cluster_map,180102,4ac035376885f7c500de3f43f7743134efb8b0b788859d5d902b8c9ab0308a2c,GeoRF October consensus map
stage2_cluster_maps/geodt/cluster_mapping_manifest.json,archived/release_20260624_reproducibility_inputs/GeoDTExperiment/knn_sparsification_results/cluster_mapping_manifest.json,stage2_cluster_map,1041,e49be747772609c97faea2903f72f5eadcbf9076e2b53f3314243aa688ff2625,GeoDT Stage 2 manifest
stage2_cluster_maps/geodt/cluster_mapping_k40_nc15_general.csv,archived/release_20260624_reproducibility_inputs/GeoDTExperiment/knn_sparsification_results/cluster_mapping_k40_nc15_general.csv,stage2_cluster_map,179867,1b1144f6727ec5053c6c57df0c6c8148c2ebffea7af7c2526f48d47eb64b78eb,GeoDT general consensus map
stage2_cluster_maps/geodt/cluster_mapping_k40_nc16_m2.csv,archived/release_20260624_reproducibility_inputs/GeoDTExperiment/knn_sparsification_results/cluster_mapping_k40_nc16_m2.csv,stage2_cluster_map,179559,9ab80b1950304d17f7e178f4be032307360948e7e67f6ce5f8bfb38c36cfe6d2,GeoDT February consensus map
stage2_cluster_maps/geodt/cluster_mapping_k40_nc15_m6.csv,archived/release_20260624_reproducibility_inputs/GeoDTExperiment/knn_sparsification_results/cluster_mapping_k40_nc15_m6.csv,stage2_cluster_map,180469,fe07eea0ddccf990798892a7c4877b6ce88898c26ffd5bc94490b76c5298c084,GeoDT June consensus map
stage2_cluster_maps/geodt/cluster_mapping_k40_nc18_m10.csv,archived/release_20260624_reproducibility_inputs/GeoDTExperiment/knn_sparsification_results/cluster_mapping_k40_nc18_m10.csv,stage2_cluster_map,179885,eb73024e763880a68a6d9b54ba44a10d11d140cd0e914f661dc04acf0a018fed,GeoDT October consensus map
stage3_results/georf_fs1/run_manifest.json,archived/release_20260624_reproducibility_inputs/result_partition_k40_compare_GF_fs1/run_manifest.json,stage3_result_core,1059,49de1c0d74a25734c885399f27d29048398139d9779771ad0594e15f7e58e23b,result_partition_k40_compare_GF_fs1/run_manifest.json
stage3_results/georf_fs1/metrics_monthly.csv,archived/release_20260624_reproducibility_inputs/result_partition_k40_compare_GF_fs1/metrics_monthly.csv,stage3_result_core,3369,ebb858d3c3ec2bbcf9a8d2fdf91f071baa1904fc3e34f7730fc8b57657649e51,result_partition_k40_compare_GF_fs1/metrics_monthly.csv
stage3_results/georf_fs1/metrics_polygon_overall.csv,archived/release_20260624_reproducibility_inputs/result_partition_k40_compare_GF_fs1/metrics_polygon_overall.csv,stage3_result_core,467059,d5ce2b04d3359ac9d1689047ac116b72ec2dfab04417006f638cd130506e46ee,result_partition_k40_compare_GF_fs1/metrics_polygon_overall.csv
stage3_results/georf_fs1/predictions_monthly.csv,archived/release_20260624_reproducibility_inputs/result_partition_k40_compare_GF_fs1/predictions_monthly.csv,stage3_result_core,2162573,8c60433adf20a06c9febc4156f331f89b758dcbf48294f9845639a3c01ea53b8,result_partition_k40_compare_GF_fs1/predictions_monthly.csv
stage3_results/georf_fs1/refined/cluster_mapping_k40_nc11_m6_refined_contig3.csv,archived/release_20260624_reproducibility_inputs/result_partition_k40_compare_GF_fs1/refined/cluster_mapping_k40_nc11_m6_refined_contig3.csv,stage3_refined_partition_map,189783,8669fec090723c7dc171b191a7acabe01b0b16d989ed7b6e2068ab112b7f403f,canonical refined map or refinement summary from result_partition_k40_compare_GF_fs1
stage3_results/georf_fs1/refined/cluster_mapping_k40_nc13_m2_refined_contig3.csv,archived/release_20260624_reproducibility_inputs/result_partition_k40_compare_GF_fs1/refined/cluster_mapping_k40_nc13_m2_refined_contig3.csv,stage3_refined_partition_map,190993,41512a9c4a7033f274463f9145fe99d6cd3d436145ec8b68f94a7be3bfadaba9,canonical refined map or refinement summary from result_partition_k40_compare_GF_fs1
stage3_results/georf_fs1/refined/cluster_mapping_k40_nc16_m10_refined_contig3.csv,archived/release_20260624_reproducibility_inputs/result_partition_k40_compare_GF_fs1/refined/cluster_mapping_k40_nc16_m10_refined_contig3.csv,stage3_refined_partition_map,192581,4f652483f604e4f224928758049a2d434d055036d6779e8e9e219fab85bced74,canonical refined map or refinement summary from result_partition_k40_compare_GF_fs1
stage3_results/georf_fs1/refined/cluster_mapping_k40_nc17_general_refined_contig3.csv,archived/release_20260624_reproducibility_inputs/result_partition_k40_compare_GF_fs1/refined/cluster_mapping_k40_nc17_general_refined_contig3.csv,stage3_refined_partition_map,193190,4723cae57c07229973559f1fe62fb13bae818c2b2de71e171ce3b2eaf5c2152b,canonical refined map or refinement summary from result_partition_k40_compare_GF_fs1
stage3_results/georf_fs1/refined/refine_summary_cluster_mapping_k40_nc11_m6.txt,archived/release_20260624_reproducibility_inputs/result_partition_k40_compare_GF_fs1/refined/refine_summary_cluster_mapping_k40_nc11_m6.txt,stage3_refined_partition_map,788,cab357a1d0e131c1bfbcf2eac6815caaff79ca652a6db4946b63d6c6730b25f3,canonical refined map or refinement summary from result_partition_k40_compare_GF_fs1
stage3_results/georf_fs1/refined/refine_summary_cluster_mapping_k40_nc13_m2.txt,archived/release_20260624_reproducibility_inputs/result_partition_k40_compare_GF_fs1/refined/refine_summary_cluster_mapping_k40_nc13_m2.txt,stage3_refined_partition_map,818,39a06743e971943e07a6db52f1cb4239c3abba243feabebe9d8cba7776ecc8e7,canonical refined map or refinement summary from result_partition_k40_compare_GF_fs1
stage3_results/georf_fs1/refined/refine_summary_cluster_mapping_k40_nc16_m10.txt,archived/release_20260624_reproducibility_inputs/result_partition_k40_compare_GF_fs1/refined/refine_summary_cluster_mapping_k40_nc16_m10.txt,stage3_refined_partition_map,866,0ea2f7458c247f4f9d9ae843f5cd1a4dbf9f17660e0a92d0fe7c3b7fa87219d7,canonical refined map or refinement summary from result_partition_k40_compare_GF_fs1
stage3_results/georf_fs1/refined/refine_summary_cluster_mapping_k40_nc17_general.txt,archived/release_20260624_reproducibility_inputs/result_partition_k40_compare_GF_fs1/refined/refine_summary_cluster_mapping_k40_nc17_general.txt,stage3_refined_partition_map,886,9597a330fcd9046ff3624e44d995eb756fa8bac55734d38a3575d63b565cdf74,canonical refined map or refinement summary from result_partition_k40_compare_GF_fs1
stage3_results/georf_fs2/run_manifest.json,archived/release_20260624_reproducibility_inputs/result_partition_k40_compare_GF_fs2/run_manifest.json,stage3_result_core,1059,9a091617ab7f43ce003687f6bb550a9cd983c94d5445418d4a9f268cab7dc771,result_partition_k40_compare_GF_fs2/run_manifest.json
stage3_results/georf_fs2/metrics_monthly.csv,archived/release_20260624_reproducibility_inputs/result_partition_k40_compare_GF_fs2/metrics_monthly.csv,stage3_result_core,3360,52180a778cf700171abebd6086edd1abccd62b8debf473c1b09ab74544560b55,result_partition_k40_compare_GF_fs2/metrics_monthly.csv
stage3_results/georf_fs2/metrics_polygon_overall.csv,archived/release_20260624_reproducibility_inputs/result_partition_k40_compare_GF_fs2/metrics_polygon_overall.csv,stage3_result_core,468299,99107d5f72d0f8f190174c0fc14a087886a71325f0fda976b252a957ad65b58b,result_partition_k40_compare_GF_fs2/metrics_polygon_overall.csv
stage3_results/georf_fs2/predictions_monthly.csv,archived/release_20260624_reproducibility_inputs/result_partition_k40_compare_GF_fs2/predictions_monthly.csv,stage3_result_core,2163663,54d1664c3a1d04a0f9878954fefe57adc77ecffd268d2b87503032d806af9ec3,result_partition_k40_compare_GF_fs2/predictions_monthly.csv
stage3_results/georf_fs2/refined/cluster_mapping_k40_nc11_m6_refined_contig3.csv,archived/release_20260624_reproducibility_inputs/result_partition_k40_compare_GF_fs2/refined/cluster_mapping_k40_nc11_m6_refined_contig3.csv,stage3_refined_partition_map,189783,8669fec090723c7dc171b191a7acabe01b0b16d989ed7b6e2068ab112b7f403f,canonical refined map or refinement summary from result_partition_k40_compare_GF_fs2
stage3_results/georf_fs2/refined/cluster_mapping_k40_nc13_m2_refined_contig3.csv,archived/release_20260624_reproducibility_inputs/result_partition_k40_compare_GF_fs2/refined/cluster_mapping_k40_nc13_m2_refined_contig3.csv,stage3_refined_partition_map,190993,41512a9c4a7033f274463f9145fe99d6cd3d436145ec8b68f94a7be3bfadaba9,canonical refined map or refinement summary from result_partition_k40_compare_GF_fs2
stage3_results/georf_fs2/refined/cluster_mapping_k40_nc16_m10_refined_contig3.csv,archived/release_20260624_reproducibility_inputs/result_partition_k40_compare_GF_fs2/refined/cluster_mapping_k40_nc16_m10_refined_contig3.csv,stage3_refined_partition_map,192581,4f652483f604e4f224928758049a2d434d055036d6779e8e9e219fab85bced74,canonical refined map or refinement summary from result_partition_k40_compare_GF_fs2
stage3_results/georf_fs2/refined/cluster_mapping_k40_nc17_general_refined_contig3.csv,archived/release_20260624_reproducibility_inputs/result_partition_k40_compare_GF_fs2/refined/cluster_mapping_k40_nc17_general_refined_contig3.csv,stage3_refined_partition_map,193190,4723cae57c07229973559f1fe62fb13bae818c2b2de71e171ce3b2eaf5c2152b,canonical refined map or refinement summary from result_partition_k40_compare_GF_fs2
stage3_results/georf_fs2/refined/refine_summary_cluster_mapping_k40_nc11_m6.txt,archived/release_20260624_reproducibility_inputs/result_partition_k40_compare_GF_fs2/refined/refine_summary_cluster_mapping_k40_nc11_m6.txt,stage3_refined_partition_map,788,dd8d4be6ae9d186d06841a204f31135f3017710f89271f7842cb6e26bb610de4,canonical refined map or refinement summary from result_partition_k40_compare_GF_fs2
stage3_results/georf_fs2/refined/refine_summary_cluster_mapping_k40_nc13_m2.txt,archived/release_20260624_reproducibility_inputs/result_partition_k40_compare_GF_fs2/refined/refine_summary_cluster_mapping_k40_nc13_m2.txt,stage3_refined_partition_map,818,38bb2a80961eab77ca02f9bf9cb3bf13b8f41777064d711542b5e28381c4d347,canonical refined map or refinement summary from result_partition_k40_compare_GF_fs2
stage3_results/georf_fs2/refined/refine_summary_cluster_mapping_k40_nc16_m10.txt,archived/release_20260624_reproducibility_inputs/result_partition_k40_compare_GF_fs2/refined/refine_summary_cluster_mapping_k40_nc16_m10.txt,stage3_refined_partition_map,866,c626c1364f9fd270262f1e547011f539570b0fb7ce8d5399290e4b53a1d887cf,canonical refined map or refinement summary from result_partition_k40_compare_GF_fs2
stage3_results/georf_fs2/refined/refine_summary_cluster_mapping_k40_nc17_general.txt,archived/release_20260624_reproducibility_inputs/result_partition_k40_compare_GF_fs2/refined/refine_summary_cluster_mapping_k40_nc17_general.txt,stage3_refined_partition_map,886,484904696a49fda8236229eed40f40736c62e1d716c8f9914e6c28dede63cfa1,canonical refined map or refinement summary from result_partition_k40_compare_GF_fs2
stage3_results/georf_fs3/run_manifest.json,archived/release_20260624_reproducibility_inputs/result_partition_k40_compare_GF_fs3/run_manifest.json,stage3_result_core,1060,993a297e392b2e43d64c40a0e58b236bb65ec8fb87685ae6e71fcdfb152200d7,result_partition_k40_compare_GF_fs3/run_manifest.json
stage3_results/georf_fs3/metrics_monthly.csv,archived/release_20260624_reproducibility_inputs/result_partition_k40_compare_GF_fs3/metrics_monthly.csv,stage3_result_core,3341,86e8dd03990feeff00d7d8060838ce6dd523b17cda25c322c12f044616b6a3ce,result_partition_k40_compare_GF_fs3/metrics_monthly.csv
stage3_results/georf_fs3/metrics_polygon_overall.csv,archived/release_20260624_reproducibility_inputs/result_partition_k40_compare_GF_fs3/metrics_polygon_overall.csv,stage3_result_core,460665,859cb88ecfd2f25deb635140a112f3c9b1b50facc2a54482bdf3a1653528bdf0,result_partition_k40_compare_GF_fs3/metrics_polygon_overall.csv
stage3_results/georf_fs3/predictions_monthly.csv,archived/release_20260624_reproducibility_inputs/result_partition_k40_compare_GF_fs3/predictions_monthly.csv,stage3_result_core,2164654,3f988101df92b9369b73846effb4df110922d21906fe6055ce7e6d9c26c9bb9a,result_partition_k40_compare_GF_fs3/predictions_monthly.csv
stage3_results/georf_fs3/refined/cluster_mapping_k40_nc11_m6_refined_contig3.csv,archived/release_20260624_reproducibility_inputs/result_partition_k40_compare_GF_fs3/refined/cluster_mapping_k40_nc11_m6_refined_contig3.csv,stage3_refined_partition_map,189783,8669fec090723c7dc171b191a7acabe01b0b16d989ed7b6e2068ab112b7f403f,canonical refined map or refinement summary from result_partition_k40_compare_GF_fs3
stage3_results/georf_fs3/refined/cluster_mapping_k40_nc13_m2_refined_contig3.csv,archived/release_20260624_reproducibility_inputs/result_partition_k40_compare_GF_fs3/refined/cluster_mapping_k40_nc13_m2_refined_contig3.csv,stage3_refined_partition_map,190993,41512a9c4a7033f274463f9145fe99d6cd3d436145ec8b68f94a7be3bfadaba9,canonical refined map or refinement summary from result_partition_k40_compare_GF_fs3
stage3_results/georf_fs3/refined/cluster_mapping_k40_nc16_m10_refined_contig3.csv,archived/release_20260624_reproducibility_inputs/result_partition_k40_compare_GF_fs3/refined/cluster_mapping_k40_nc16_m10_refined_contig3.csv,stage3_refined_partition_map,192581,4f652483f604e4f224928758049a2d434d055036d6779e8e9e219fab85bced74,canonical refined map or refinement summary from result_partition_k40_compare_GF_fs3
stage3_results/georf_fs3/refined/cluster_mapping_k40_nc17_general_refined_contig3.csv,archived/release_20260624_reproducibility_inputs/result_partition_k40_compare_GF_fs3/refined/cluster_mapping_k40_nc17_general_refined_contig3.csv,stage3_refined_partition_map,193190,4723cae57c07229973559f1fe62fb13bae818c2b2de71e171ce3b2eaf5c2152b,canonical refined map or refinement summary from result_partition_k40_compare_GF_fs3
stage3_results/georf_fs3/refined/refine_summary_cluster_mapping_k40_nc11_m6.txt,archived/release_20260624_reproducibility_inputs/result_partition_k40_compare_GF_fs3/refined/refine_summary_cluster_mapping_k40_nc11_m6.txt,stage3_refined_partition_map,788,6a9a98f3160fa590c3fcfada0a2bfded93519ad7cd863a9498ad4cb196d4fa34,canonical refined map or refinement summary from result_partition_k40_compare_GF_fs3
stage3_results/georf_fs3/refined/refine_summary_cluster_mapping_k40_nc13_m2.txt,archived/release_20260624_reproducibility_inputs/result_partition_k40_compare_GF_fs3/refined/refine_summary_cluster_mapping_k40_nc13_m2.txt,stage3_refined_partition_map,818,a56b796cd23bd840e235b093db9bb829d767b0bed92fae5182ecc581f9a439b3,canonical refined map or refinement summary from result_partition_k40_compare_GF_fs3
stage3_results/georf_fs3/refined/refine_summary_cluster_mapping_k40_nc16_m10.txt,archived/release_20260624_reproducibility_inputs/result_partition_k40_compare_GF_fs3/refined/refine_summary_cluster_mapping_k40_nc16_m10.txt,stage3_refined_partition_map,866,59fc28dd8ea45cef0cabcc57bab36578cf9c1b75aa5136ef47611cc3e8503094,canonical refined map or refinement summary from result_partition_k40_compare_GF_fs3
stage3_results/georf_fs3/refined/refine_summary_cluster_mapping_k40_nc17_general.txt,archived/release_20260624_reproducibility_inputs/result_partition_k40_compare_GF_fs3/refined/refine_summary_cluster_mapping_k40_nc17_general.txt,stage3_refined_partition_map,886,d50871c8ab9c746e3b92390c36f30573b3068cf8c2bbe2bc7f58f454bc58dddc,canonical refined map or refinement summary from result_partition_k40_compare_GF_fs3
stage3_results/geodt_fs1/run_manifest.json,archived/release_20260624_reproducibility_inputs/result_partition_k40_compare_DT_fs1/run_manifest.json,stage3_result_core,1019,5953daf3268999a9d56fada1ee22bd110c97056bd2ff5766121649844c271bcd,result_partition_k40_compare_DT_fs1/run_manifest.json
stage3_results/geodt_fs1/metrics_monthly.csv,archived/release_20260624_reproducibility_inputs/result_partition_k40_compare_DT_fs1/metrics_monthly.csv,stage3_result_core,3365,0b74bc2d1e0ef093f0df8fa189f01bfd03567ccaafb32a49caba63688fe4a8a0,result_partition_k40_compare_DT_fs1/metrics_monthly.csv
stage3_results/geodt_fs1/metrics_polygon_overall.csv,archived/release_20260624_reproducibility_inputs/result_partition_k40_compare_DT_fs1/metrics_polygon_overall.csv,stage3_result_core,567361,dfa13ddc004dc6d693d45ad7d5b73d1e630554bea44e0a887dcd3952630bee5c,result_partition_k40_compare_DT_fs1/metrics_polygon_overall.csv
stage3_results/geodt_fs1/predictions_monthly.csv,archived/release_20260624_reproducibility_inputs/result_partition_k40_compare_DT_fs1/predictions_monthly.csv,stage3_result_core,1562615,b6ce9383f60aee8f4f139c7e4a98f1a8bbef0b02093bd87cdb2da893eda9c6d6,result_partition_k40_compare_DT_fs1/predictions_monthly.csv
stage3_results/geodt_fs1/refined/cluster_mapping_k40_nc15_general_refined_contig3.csv,archived/release_20260624_reproducibility_inputs/result_partition_k40_compare_DT_fs1/refined/cluster_mapping_k40_nc15_general_refined_contig3.csv,stage3_refined_partition_map,192111,683d9e59895572821e90beb1fcfa9d842529bacabe5f225e12f9d3a3c0861a44,canonical refined map or refinement summary from result_partition_k40_compare_DT_fs1
stage3_results/geodt_fs1/refined/cluster_mapping_k40_nc15_m6_refined_contig3.csv,archived/release_20260624_reproducibility_inputs/result_partition_k40_compare_DT_fs1/refined/cluster_mapping_k40_nc15_m6_refined_contig3.csv,stage3_refined_partition_map,193309,e72c2797ca9348da988975659aa91c3e887893b22fcb1968793c9bb950b0eb4e,canonical refined map or refinement summary from result_partition_k40_compare_DT_fs1
stage3_results/geodt_fs1/refined/cluster_mapping_k40_nc16_m2_refined_contig3.csv,archived/release_20260624_reproducibility_inputs/result_partition_k40_compare_DT_fs1/refined/cluster_mapping_k40_nc16_m2_refined_contig3.csv,stage3_refined_partition_map,191306,aec17e3aa89c1cf9ffb48046fd8b7c1ba00aa01b0e13ac6c8b1732909ad53b4f,canonical refined map or refinement summary from result_partition_k40_compare_DT_fs1
stage3_results/geodt_fs1/refined/cluster_mapping_k40_nc18_m10_refined_contig3.csv,archived/release_20260624_reproducibility_inputs/result_partition_k40_compare_DT_fs1/refined/cluster_mapping_k40_nc18_m10_refined_contig3.csv,stage3_refined_partition_map,192145,e0aa7d36b8330f041089cfb340bef425ce5a98dbcf9a6077e847188c8d6581b6,canonical refined map or refinement summary from result_partition_k40_compare_DT_fs1
stage3_results/geodt_fs1/refined/refine_summary_cluster_mapping_k40_nc15_general.txt,archived/release_20260624_reproducibility_inputs/result_partition_k40_compare_DT_fs1/refined/refine_summary_cluster_mapping_k40_nc15_general.txt,stage3_refined_partition_map,858,0ecc5bb72d50e563b743961d2dbc3789e3942c0c7326e850a21a097b1dae7def,canonical refined map or refinement summary from result_partition_k40_compare_DT_fs1
stage3_results/geodt_fs1/refined/refine_summary_cluster_mapping_k40_nc15_m6.txt,archived/release_20260624_reproducibility_inputs/result_partition_k40_compare_DT_fs1/refined/refine_summary_cluster_mapping_k40_nc15_m6.txt,stage3_refined_partition_map,848,c9083164d550f60e087a7476b4c2a1ad001fadcc34f34ad77f4e1189de2afd85,canonical refined map or refinement summary from result_partition_k40_compare_DT_fs1
stage3_results/geodt_fs1/refined/refine_summary_cluster_mapping_k40_nc16_m2.txt,archived/release_20260624_reproducibility_inputs/result_partition_k40_compare_DT_fs1/refined/refine_summary_cluster_mapping_k40_nc16_m2.txt,stage3_refined_partition_map,869,c5bb8b4891abef50d3c3e24c4a429582252c7518a0cd6da3cc9787588fa2503b,canonical refined map or refinement summary from result_partition_k40_compare_DT_fs1
stage3_results/geodt_fs1/refined/refine_summary_cluster_mapping_k40_nc18_m10.txt,archived/release_20260624_reproducibility_inputs/result_partition_k40_compare_DT_fs1/refined/refine_summary_cluster_mapping_k40_nc18_m10.txt,stage3_refined_partition_map,900,8fbde5a1c275cebd0cfa67c2a7946b07f59b4c55b015ecc538c30aa65cf473b1,canonical refined map or refinement summary from result_partition_k40_compare_DT_fs1
stage3_results/geodt_fs2/run_manifest.json,archived/release_20260624_reproducibility_inputs/result_partition_k40_compare_DT_fs2/run_manifest.json,stage3_result_core,1019,b4eda69573bf14402a183659f3690f732228e702be6e53f7d2a6fe859ffb315a,result_partition_k40_compare_DT_fs2/run_manifest.json
stage3_results/geodt_fs2/metrics_monthly.csv,archived/release_20260624_reproducibility_inputs/result_partition_k40_compare_DT_fs2/metrics_monthly.csv,stage3_result_core,3342,146c5a6da3bfdd519a70e3a2ddf5391bea0a395e853fe3c308a4485af65fbd6f,result_partition_k40_compare_DT_fs2/metrics_monthly.csv
stage3_results/geodt_fs2/metrics_polygon_overall.csv,archived/release_20260624_reproducibility_inputs/result_partition_k40_compare_DT_fs2/metrics_polygon_overall.csv,stage3_result_core,568341,cb19a41336d3f06ebe8f73d234c6cbbfc49b7e5661e26b0563c0ef0226f84448,result_partition_k40_compare_DT_fs2/metrics_polygon_overall.csv
stage3_results/geodt_fs2/predictions_monthly.csv,archived/release_20260624_reproducibility_inputs/result_partition_k40_compare_DT_fs2/predictions_monthly.csv,stage3_result_core,1562615,e5818e67b97961dd65c70e95520be615e1958345f5fb37703fb9a1e2afd4649d,result_partition_k40_compare_DT_fs2/predictions_monthly.csv
stage3_results/geodt_fs2/refined/cluster_mapping_k40_nc15_general_refined_contig3.csv,archived/release_20260624_reproducibility_inputs/result_partition_k40_compare_DT_fs2/refined/cluster_mapping_k40_nc15_general_refined_contig3.csv,stage3_refined_partition_map,192111,683d9e59895572821e90beb1fcfa9d842529bacabe5f225e12f9d3a3c0861a44,canonical refined map or refinement summary from result_partition_k40_compare_DT_fs2
stage3_results/geodt_fs2/refined/cluster_mapping_k40_nc15_m6_refined_contig3.csv,archived/release_20260624_reproducibility_inputs/result_partition_k40_compare_DT_fs2/refined/cluster_mapping_k40_nc15_m6_refined_contig3.csv,stage3_refined_partition_map,193309,e72c2797ca9348da988975659aa91c3e887893b22fcb1968793c9bb950b0eb4e,canonical refined map or refinement summary from result_partition_k40_compare_DT_fs2
stage3_results/geodt_fs2/refined/cluster_mapping_k40_nc16_m2_refined_contig3.csv,archived/release_20260624_reproducibility_inputs/result_partition_k40_compare_DT_fs2/refined/cluster_mapping_k40_nc16_m2_refined_contig3.csv,stage3_refined_partition_map,191306,aec17e3aa89c1cf9ffb48046fd8b7c1ba00aa01b0e13ac6c8b1732909ad53b4f,canonical refined map or refinement summary from result_partition_k40_compare_DT_fs2
stage3_results/geodt_fs2/refined/cluster_mapping_k40_nc18_m10_refined_contig3.csv,archived/release_20260624_reproducibility_inputs/result_partition_k40_compare_DT_fs2/refined/cluster_mapping_k40_nc18_m10_refined_contig3.csv,stage3_refined_partition_map,192145,e0aa7d36b8330f041089cfb340bef425ce5a98dbcf9a6077e847188c8d6581b6,canonical refined map or refinement summary from result_partition_k40_compare_DT_fs2
stage3_results/geodt_fs2/refined/refine_summary_cluster_mapping_k40_nc15_general.txt,archived/release_20260624_reproducibility_inputs/result_partition_k40_compare_DT_fs2/refined/refine_summary_cluster_mapping_k40_nc15_general.txt,stage3_refined_partition_map,858,c00dfb745288475b99f642425199cf1f4be872fd38edf0bd716ac7caa3c377ae,canonical refined map or refinement summary from result_partition_k40_compare_DT_fs2
stage3_results/geodt_fs2/refined/refine_summary_cluster_mapping_k40_nc15_m6.txt,archived/release_20260624_reproducibility_inputs/result_partition_k40_compare_DT_fs2/refined/refine_summary_cluster_mapping_k40_nc15_m6.txt,stage3_refined_partition_map,848,a005aaa54e6adb37614ddde6dc9881df5adf586f7cdb967c7e124126277c40b6,canonical refined map or refinement summary from result_partition_k40_compare_DT_fs2
stage3_results/geodt_fs2/refined/refine_summary_cluster_mapping_k40_nc16_m2.txt,archived/release_20260624_reproducibility_inputs/result_partition_k40_compare_DT_fs2/refined/refine_summary_cluster_mapping_k40_nc16_m2.txt,stage3_refined_partition_map,869,ab5b05d5053a380cc6617bf4e81d8e33311a4fd6ccbd86766dc74f91bac9ce9e,canonical refined map or refinement summary from result_partition_k40_compare_DT_fs2
stage3_results/geodt_fs2/refined/refine_summary_cluster_mapping_k40_nc18_m10.txt,archived/release_20260624_reproducibility_inputs/result_partition_k40_compare_DT_fs2/refined/refine_summary_cluster_mapping_k40_nc18_m10.txt,stage3_refined_partition_map,900,7c90e5acf84ff6e547397de4e0ab31589a78f945fe3aa0a0ccd0adb0a96bdb81,canonical refined map or refinement summary from result_partition_k40_compare_DT_fs2
stage3_results/geodt_fs3/run_manifest.json,archived/release_20260624_reproducibility_inputs/result_partition_k40_compare_DT_fs3/run_manifest.json,stage3_result_core,1020,9c9bb98a819ad8e112e620bce2307230ce5bfaa909189f7e732eb4128512e6da,result_partition_k40_compare_DT_fs3/run_manifest.json
stage3_results/geodt_fs3/metrics_monthly.csv,archived/release_20260624_reproducibility_inputs/result_partition_k40_compare_DT_fs3/metrics_monthly.csv,stage3_result_core,3356,206ea1742e920a48736a0d87486d9f032d996e7980bba64ca3de77cab06dbca2,result_partition_k40_compare_DT_fs3/metrics_monthly.csv
stage3_results/geodt_fs3/metrics_polygon_overall.csv,archived/release_20260624_reproducibility_inputs/result_partition_k40_compare_DT_fs3/metrics_polygon_overall.csv,stage3_result_core,587761,f5559f8bd78b21782780ff2cba60c6fff01b65396f7520125a5dcb5d19e57108,result_partition_k40_compare_DT_fs3/metrics_polygon_overall.csv
stage3_results/geodt_fs3/predictions_monthly.csv,archived/release_20260624_reproducibility_inputs/result_partition_k40_compare_DT_fs3/predictions_monthly.csv,stage3_result_core,1562615,4fe28f4bd9a4f72a9c94eaca7fa535434b7cf7c99de33cc3d084dd4ed4f3b138,result_partition_k40_compare_DT_fs3/predictions_monthly.csv
stage3_results/geodt_fs3/refined/cluster_mapping_k40_nc15_general_refined_contig3.csv,archived/release_20260624_reproducibility_inputs/result_partition_k40_compare_DT_fs3/refined/cluster_mapping_k40_nc15_general_refined_contig3.csv,stage3_refined_partition_map,192111,683d9e59895572821e90beb1fcfa9d842529bacabe5f225e12f9d3a3c0861a44,canonical refined map or refinement summary from result_partition_k40_compare_DT_fs3
stage3_results/geodt_fs3/refined/cluster_mapping_k40_nc15_m6_refined_contig3.csv,archived/release_20260624_reproducibility_inputs/result_partition_k40_compare_DT_fs3/refined/cluster_mapping_k40_nc15_m6_refined_contig3.csv,stage3_refined_partition_map,193309,e72c2797ca9348da988975659aa91c3e887893b22fcb1968793c9bb950b0eb4e,canonical refined map or refinement summary from result_partition_k40_compare_DT_fs3
stage3_results/geodt_fs3/refined/cluster_mapping_k40_nc16_m2_refined_contig3.csv,archived/release_20260624_reproducibility_inputs/result_partition_k40_compare_DT_fs3/refined/cluster_mapping_k40_nc16_m2_refined_contig3.csv,stage3_refined_partition_map,191306,aec17e3aa89c1cf9ffb48046fd8b7c1ba00aa01b0e13ac6c8b1732909ad53b4f,canonical refined map or refinement summary from result_partition_k40_compare_DT_fs3
stage3_results/geodt_fs3/refined/cluster_mapping_k40_nc18_m10_refined_contig3.csv,archived/release_20260624_reproducibility_inputs/result_partition_k40_compare_DT_fs3/refined/cluster_mapping_k40_nc18_m10_refined_contig3.csv,stage3_refined_partition_map,192145,e0aa7d36b8330f041089cfb340bef425ce5a98dbcf9a6077e847188c8d6581b6,canonical refined map or refinement summary from result_partition_k40_compare_DT_fs3
stage3_results/geodt_fs3/refined/refine_summary_cluster_mapping_k40_nc15_general.txt,archived/release_20260624_reproducibility_inputs/result_partition_k40_compare_DT_fs3/refined/refine_summary_cluster_mapping_k40_nc15_general.txt,stage3_refined_partition_map,858,f3672507b7d8f97d6d09ed0c8336e4a33f9669359e659c3eee29eeac42291c1f,canonical refined map or refinement summary from result_partition_k40_compare_DT_fs3
stage3_results/geodt_fs3/refined/refine_summary_cluster_mapping_k40_nc15_m6.txt,archived/release_20260624_reproducibility_inputs/result_partition_k40_compare_DT_fs3/refined/refine_summary_cluster_mapping_k40_nc15_m6.txt,stage3_refined_partition_map,848,3d69e24adb0039408ec6b1fc96dcbf4cdc99e16612e0b1e2545cf4a062c3dfca,canonical refined map or refinement summary from result_partition_k40_compare_DT_fs3
stage3_results/geodt_fs3/refined/refine_summary_cluster_mapping_k40_nc16_m2.txt,archived/release_20260624_reproducibility_inputs/result_partition_k40_compare_DT_fs3/refined/refine_summary_cluster_mapping_k40_nc16_m2.txt,stage3_refined_partition_map,869,ad8fe5446e9245ebed5a291984da047b6b1baa05231ef64ff092ec62f225f2b3,canonical refined map or refinement summary from result_partition_k40_compare_DT_fs3
stage3_results/geodt_fs3/refined/refine_summary_cluster_mapping_k40_nc18_m10.txt,archived/release_20260624_reproducibility_inputs/result_partition_k40_compare_DT_fs3/refined/refine_summary_cluster_mapping_k40_nc18_m10.txt,stage3_refined_partition_map,900,45e69451a5b75598295ef7e03ca79c0c2ffaec3dc17e7aacb4ab88cdb34e8b94,canonical refined map or refinement summary from result_partition_k40_compare_DT_fs3
paper_artifacts/final_artifacts_in_paper_updated/01_main_results/ablation_feature_exclude.xlsx,final_artifacts_in_paper_updated/01_main_results/ablation_feature_exclude.xlsx,paper_final_artifact,8891,291a9ff00f22e2f3c24aa4f1f9caf6b9fb15ca909e55c9c6b4328f77d40012a7,active manuscript artifact
paper_artifacts/final_artifacts_in_paper_updated/01_main_results/georf_monthly_performance.png,final_artifacts_in_paper_updated/01_main_results/georf_monthly_performance.png,paper_final_artifact,509316,9c9d073390857911a9f91af0d4bacf318be63d1f56afc7515d14aef37ea4b392,active manuscript artifact
paper_artifacts/final_artifacts_in_paper_updated/01_main_results/georf_partitioned_shap_group_heatmap.pdf,final_artifacts_in_paper_updated/01_main_results/georf_partitioned_shap_group_heatmap.pdf,paper_final_artifact,21585,87d7b07b50b87cb788da2d3752a01ec0d18c27c6c43efbea79a0f95cdc41202f,active manuscript artifact
paper_artifacts/final_artifacts_in_paper_updated/01_main_results/georf_partitioned_shap_group_heatmap.png,final_artifacts_in_paper_updated/01_main_results/georf_partitioned_shap_group_heatmap.png,paper_final_artifact,219023,579c69545d8ea3065e54d0eee7d9670e6c4c5195f03a33cd3fe6272c530c84cc,active manuscript artifact
paper_artifacts/final_artifacts_in_paper_updated/01_main_results/georf_partitioned_shap_group_summary.csv,final_artifacts_in_paper_updated/01_main_results/georf_partitioned_shap_group_summary.csv,paper_final_artifact,2733,e33acc790d474d220d10d1856543af198a249387f9832160125846feb3e7cfa0,active manuscript artifact
paper_artifacts/final_artifacts_in_paper_updated/01_main_results/georf_partitioned_shap_manifest.json,final_artifacts_in_paper_updated/01_main_results/georf_partitioned_shap_manifest.json,paper_final_artifact,49037,e52a8031cf7be6df1208185f401c5f5d9aed369ea7ac44f98624db33b6687953,active manuscript artifact
paper_artifacts/final_artifacts_in_paper_updated/01_main_results/georf_partitioned_shap_monthly.csv,final_artifacts_in_paper_updated/01_main_results/georf_partitioned_shap_monthly.csv,paper_final_artifact,29092,55080881fdc8d640299460713f6135ed52905fded0e2645a6e66665fbe4ce4de,active manuscript artifact
paper_artifacts/final_artifacts_in_paper_updated/01_main_results/georf_partitioned_shap_note.md,final_artifacts_in_paper_updated/01_main_results/georf_partitioned_shap_note.md,paper_final_artifact,539,b9c7941aeb5f93a277558201cd41d86a7114b9779619984768214edabb7466e0,active manuscript artifact
paper_artifacts/final_artifacts_in_paper_updated/01_main_results/global_cluster_map_2x2_geodt_refined.png,final_artifacts_in_paper_updated/01_main_results/global_cluster_map_2x2_geodt_refined.png,paper_final_artifact,1720393,57fcfece0e240b942657dd4d9bfae92b314d25c7a5978cc0e9a03c3ab978de93,active manuscript artifact
paper_artifacts/final_artifacts_in_paper_updated/01_main_results/global_cluster_map_2x2_georf_refined.png,final_artifacts_in_paper_updated/01_main_results/global_cluster_map_2x2_georf_refined.png,paper_final_artifact,1661752,ac8fc8257aef464fe28ad53c9fbfa85726bd795bf3574a9d75fa1ca03e44832f,active manuscript artifact
paper_artifacts/final_artifacts_in_paper_updated/01_main_results/main_month_ind_cont3.xlsx,final_artifacts_in_paper_updated/01_main_results/main_month_ind_cont3.xlsx,paper_final_artifact,6085,7115f67e7d06c96baedabb992aac754ed7c937000102cf857650c0923afc9b19,active manuscript artifact
paper_artifacts/final_artifacts_in_paper_updated/01_main_results/monthly_performance_manifest.json,final_artifacts_in_paper_updated/01_main_results/monthly_performance_manifest.json,paper_final_artifact,13265,df4f8783cb7a45c881a2e65fa2d24c89f38e5a920cfb61da04916d5d93f833d1,active manuscript artifact
paper_artifacts/final_artifacts_in_paper_updated/01_main_results/predictions_2024_feb_jun_oct.png,final_artifacts_in_paper_updated/01_main_results/predictions_2024_feb_jun_oct.png,paper_final_artifact,4923994,23ec86d645b68ecfcd720417f7600f90144164dc84bd6417ec2b692571555397,active manuscript artifact
paper_artifacts/final_artifacts_in_paper_updated/01_main_results/table1_season_performance.csv,final_artifacts_in_paper_updated/01_main_results/table1_season_performance.csv,paper_final_artifact,758,1cfaaaf4bd449c4f0bdf16a6c8f30b0fc49c135b971febc3e8420c30167934e8,active manuscript artifact
paper_artifacts/final_artifacts_in_paper_updated/01_main_results/table2_region_performance.csv,final_artifacts_in_paper_updated/01_main_results/table2_region_performance.csv,paper_final_artifact,1499,201b29b78a98f1e6bfef8bfa6b0183dc2768592b689ce81afaf1dae203088c51,active manuscript artifact
paper_artifacts/final_artifacts_in_paper_updated/01_main_results/table2_region_performance_partitioned_pooled_fewsnet.csv,final_artifacts_in_paper_updated/01_main_results/table2_region_performance_partitioned_pooled_fewsnet.csv,paper_final_artifact,3545,3aafd0066ab5398bf8683a03c11aa109cd3647f71cb4536dee09f5f03ccb9fbc,active manuscript artifact
paper_artifacts/final_artifacts_in_paper_updated/02_methods_and_temporal_scope/feature_engineering.png,final_artifacts_in_paper_updated/02_methods_and_temporal_scope/feature_engineering.png,paper_final_artifact,200238,502c1fce322a19264eb2015e54d140a27037cd06111e41353a73f32ad314a92d,active manuscript artifact
paper_artifacts/final_artifacts_in_paper_updated/02_methods_and_temporal_scope/fewsnet_data_manifest_nature_portfolio.md,final_artifacts_in_paper_updated/02_methods_and_temporal_scope/fewsnet_data_manifest_nature_portfolio.md,paper_final_artifact,18450,30ff6dd8abb608f6d913326d9a2a1c7f3d6d4dd13e54eccb91303002729cc69f,active manuscript artifact
paper_artifacts/final_artifacts_in_paper_updated/02_methods_and_temporal_scope/technical_details_review_note.md,final_artifacts_in_paper_updated/02_methods_and_temporal_scope/technical_details_review_note.md,paper_final_artifact,14750,1afa5856a4e28b238b6d92f9888f4871e8aabcddc42e2cd081e714e29c6975e7,active manuscript artifact
paper_artifacts/final_artifacts_in_paper_updated/02_methods_and_temporal_scope/technical_details_unimplemented_patch_note.md,final_artifacts_in_paper_updated/02_methods_and_temporal_scope/technical_details_unimplemented_patch_note.md,paper_final_artifact,3942,72f6b0a302c1650b49b68bb3bfc6e6e0482f76b0e738fc2b38b956c65063a655,active manuscript artifact
paper_artifacts/final_artifacts_in_paper_updated/02_methods_and_temporal_scope/temporal_data_splits_schematic_note.md,final_artifacts_in_paper_updated/02_methods_and_temporal_scope/temporal_data_splits_schematic_note.md,paper_final_artifact,8957,06327347a25d5e94b9629beedba0e8915e0a7ae440bbf59b103b6be5cfa6e998,active manuscript artifact
paper_artifacts/final_artifacts_in_paper_updated/02_methods_and_temporal_scope/temporal_data_splits_table.csv,final_artifacts_in_paper_updated/02_methods_and_temporal_scope/temporal_data_splits_table.csv,paper_final_artifact,31102,838aba8c326442cfe1c1e6d4cd7e1bd0f5a43feb02277b7ba9e04b0a3562e956,active manuscript artifact
paper_artifacts/final_artifacts_in_paper_updated/02_methods_and_temporal_scope/walkthrough.png,final_artifacts_in_paper_updated/02_methods_and_temporal_scope/walkthrough.png,paper_final_artifact,699910,7934b91d131f8d219e50b49248ec51349da044c3804d0765e751085e24ba0be8,active manuscript artifact
paper_artifacts/final_artifacts_in_paper_updated/03_class_prevalence/fewsnet_crisis_stack_2018.png,final_artifacts_in_paper_updated/03_class_prevalence/fewsnet_crisis_stack_2018.png,paper_final_artifact,167609,f87bbec0b33989e77c0d24cad0e732af01c4763844adefedcb6d85c23fe3d24c,active manuscript artifact
paper_artifacts/final_artifacts_in_paper_updated/03_class_prevalence/region_class_prevalence_2021_2024.csv,final_artifacts_in_paper_updated/03_class_prevalence/region_class_prevalence_2021_2024.csv,paper_final_artifact,3778,86ec1b0abd198b01a32e2e15aa2551e85a38eccc6970f2d96c7570df3a316b80,active manuscript artifact
paper_artifacts/final_artifacts_in_paper_updated/03_class_prevalence/region_class_prevalence_2021_2024.png,final_artifacts_in_paper_updated/03_class_prevalence/region_class_prevalence_2021_2024.png,paper_final_artifact,353741,ad1090089d6f38ed8a5c134fceaa60fbe38d88e8c4fd3d6a5ae24f94f9b5dedb,active manuscript artifact
paper_artifacts/final_artifacts_in_paper_updated/04_error_analysis/error_rate_seasonal.csv,final_artifacts_in_paper_updated/04_error_analysis/error_rate_seasonal.csv,paper_final_artifact,1717319,6a55be54b6e8a5b3b2c000bac36329c1b8bb3fb0deb33cefa7292aa63f462802,active manuscript artifact
paper_artifacts/final_artifacts_in_paper_updated/04_error_analysis/error_rate_seasonal_3x3.png,final_artifacts_in_paper_updated/04_error_analysis/error_rate_seasonal_3x3.png,paper_final_artifact,4102725,47cd3610b5a57390269aff838b703bee537e084925c268f58b000a979bc77a40,active manuscript artifact
paper_artifacts/final_artifacts_in_paper_updated/04_error_analysis/error_rate_seasonal_3x3_crisis.png,final_artifacts_in_paper_updated/04_error_analysis/error_rate_seasonal_3x3_crisis.png,paper_final_artifact,4209432,5d62b2b5e4b41fc05358af268ab1d770ef8c789cef0dac4ce92037f5d1607ed7,active manuscript artifact
paper_artifacts/final_artifacts_in_paper_updated/04_error_analysis/error_rate_seasonal_3x3_noncrisis.png,final_artifacts_in_paper_updated/04_error_analysis/error_rate_seasonal_3x3_noncrisis.png,paper_final_artifact,3921202,51e081a1a148d3422acf7ca47037831f0728b9b2444058ae3b6080972827d887,active manuscript artifact
paper_artifacts/final_artifacts_in_paper_updated/04_error_analysis/error_rate_seasonal_crisis.csv,final_artifacts_in_paper_updated/04_error_analysis/error_rate_seasonal_crisis.csv,paper_final_artifact,807653,b4325cb35d8dc8dae92ebd23ae81dc4fd4e9b4587b537c2bf26a06e1340dc1e4,active manuscript artifact
paper_artifacts/final_artifacts_in_paper_updated/04_error_analysis/error_rate_seasonal_noncrisis.csv,final_artifacts_in_paper_updated/04_error_analysis/error_rate_seasonal_noncrisis.csv,paper_final_artifact,1440134,6e84a56fdfa607139759d6c28adb913993636be4451d8c025cc9cdbba4049ce0,active manuscript artifact
paper_artifacts/final_artifacts_in_paper_updated/05_partition_diagnostics/georf_m2_adjacency_refinement_1x3.png,final_artifacts_in_paper_updated/05_partition_diagnostics/georf_m2_adjacency_refinement_1x3.png,paper_final_artifact,1119733,0215f27967699ed1da834931377442f8e106b260a55f582ef380ef3bcb8f05d9,active manuscript artifact
paper_artifacts/final_artifacts_in_paper_updated/05_partition_diagnostics/georf_m2_adjacency_refinement_note.md,final_artifacts_in_paper_updated/05_partition_diagnostics/georf_m2_adjacency_refinement_note.md,paper_final_artifact,1280,72fb884fa4f2b80d555480471903f8c6701c6a90f3264daa8523e12eb5d25766,active manuscript artifact
paper_artifacts/final_artifacts_in_paper_updated/05_partition_diagnostics/georf_m2_adjacency_refinement_summary.csv,final_artifacts_in_paper_updated/05_partition_diagnostics/georf_m2_adjacency_refinement_summary.csv,paper_final_artifact,173,e0a3e824c1ad154e327e810ab545f8d3b414ed43631fabebef139edefa66e167,active manuscript artifact
paper_artifacts/final_artifacts_in_paper_updated/05_partition_diagnostics/georf_stage1_partition_cluster_size_distribution.csv,final_artifacts_in_paper_updated/05_partition_diagnostics/georf_stage1_partition_cluster_size_distribution.csv,paper_final_artifact,4045,2b4ebf57613548a35cbd6135216749b71bdd6d66af8c5fad57c2cb090b3237ff,active manuscript artifact
paper_artifacts/final_artifacts_in_paper_updated/05_partition_diagnostics/georf_stage1_partition_cluster_sizes.csv,final_artifacts_in_paper_updated/05_partition_diagnostics/georf_stage1_partition_cluster_sizes.csv,paper_final_artifact,2390,3f3f84f2fe04e0b1dd72b60a9701177c450481d07277b532165ee6a646e56d4b,active manuscript artifact
paper_artifacts/final_artifacts_in_paper_updated/05_partition_diagnostics/georf_stage1_partition_stability.png,final_artifacts_in_paper_updated/05_partition_diagnostics/georf_stage1_partition_stability.png,paper_final_artifact,208626,5a40247fa1f14e4cb42e30bd19c1ce09350f3666451d0cedabcb4f49b85f8f6a,active manuscript artifact
paper_artifacts/final_artifacts_in_paper_updated/05_partition_diagnostics/georf_stage1_partition_stability_appendix_table.csv,final_artifacts_in_paper_updated/05_partition_diagnostics/georf_stage1_partition_stability_appendix_table.csv,paper_final_artifact,409,49898575cf8fe12b40a3ae6212e4920247c0f5198fe43d57cc49dd1f63349d9a,active manuscript artifact
paper_artifacts/final_artifacts_in_paper_updated/05_partition_diagnostics/georf_stage1_partition_stability_appendix_table.md,final_artifacts_in_paper_updated/05_partition_diagnostics/georf_stage1_partition_stability_appendix_table.md,paper_final_artifact,715,3390d42bf68875f4872f12f6bf97f901f85911cef21244d6365ade0bb2e9aa0e,active manuscript artifact
paper_artifacts/final_artifacts_in_paper_updated/05_partition_diagnostics/georf_stage1_partition_stability_note.md,final_artifacts_in_paper_updated/05_partition_diagnostics/georf_stage1_partition_stability_note.md,paper_final_artifact,4318,931346bf9e18dd0e2e56e6f58367a4f7bcbf1195024bdad3e8f2573bd67abdec,active manuscript artifact
paper_artifacts/final_artifacts_in_paper_updated/05_partition_diagnostics/georf_stage1_partition_stability_pairwise.csv,final_artifacts_in_paper_updated/05_partition_diagnostics/georf_stage1_partition_stability_pairwise.csv,paper_final_artifact,30551,0be3d1173179abd2e9598c2fac74e6a81a24052e4fd8ed4cec13d526ab008e9a,active manuscript artifact
paper_artifacts/final_artifacts_in_paper_updated/05_partition_diagnostics/georf_stage1_partition_stability_summary.csv,final_artifacts_in_paper_updated/05_partition_diagnostics/georf_stage1_partition_stability_summary.csv,paper_final_artifact,1608,87792fbfa4efdbcde004085c92b07f6b79d381551e2905007c71787b74224f88,active manuscript artifact
paper_artifacts/final_artifacts_in_paper_updated/06_cluster_profiles/artifact_source_manifest.json,final_artifacts_in_paper_updated/06_cluster_profiles/artifact_source_manifest.json,paper_final_artifact,867,65182feb35612afc246a935e357f50d73f4f67ffe01998bdb1e37b64f0e7456d,active manuscript artifact
paper_artifacts/final_artifacts_in_paper_updated/06_cluster_profiles/georf_m2_cluster_profile_cohesion.csv,final_artifacts_in_paper_updated/06_cluster_profiles/georf_m2_cluster_profile_cohesion.csv,paper_final_artifact,1430,a6d380be408d807a7fd1d40035691d60169ce96e7abf1d86066d3f129de36584,active manuscript artifact
paper_artifacts/final_artifacts_in_paper_updated/06_cluster_profiles/georf_m2_cluster_profile_note.md,final_artifacts_in_paper_updated/06_cluster_profiles/georf_m2_cluster_profile_note.md,paper_final_artifact,1449,577a05aafb62d44f20b23833cf0d60a8c34d926fc85d200b01362ed4d85e6f56,active manuscript artifact
paper_artifacts/final_artifacts_in_paper_updated/06_cluster_profiles/georf_m2_cluster_profile_similarity.png,final_artifacts_in_paper_updated/06_cluster_profiles/georf_m2_cluster_profile_similarity.png,paper_final_artifact,344225,1fcdc5bfa07cba5a023fd5587a29d2fcbcdd4ad0fc4dcbd63dd7d0cd81b0d7ea,active manuscript artifact
paper_artifacts/final_artifacts_in_paper_updated/06_cluster_profiles/georf_m2_cluster_profile_similarity_matrices.csv,final_artifacts_in_paper_updated/06_cluster_profiles/georf_m2_cluster_profile_similarity_matrices.csv,paper_final_artifact,19531,0e16d99f55cefa15c43499952e9fcaa74886de9410cc644fae3f6ebd024b97ce,active manuscript artifact
paper_artifacts/final_artifacts_in_paper_updated/06_cluster_profiles/georf_m2_cluster_profile_table.csv,final_artifacts_in_paper_updated/06_cluster_profiles/georf_m2_cluster_profile_table.csv,paper_final_artifact,3149,eed17b4a78ac1ea2e64bfe69b32ca28d46b139265725bfb42d1a292f479e7110,active manuscript artifact
paper_artifacts/final_artifacts_in_paper_updated/07_probability_uncertainty/georf_probability_bootstrap_ci.csv,final_artifacts_in_paper_updated/07_probability_uncertainty/georf_probability_bootstrap_ci.csv,paper_final_artifact,2750,e7952d1b4b2d39d3d8a8dcd550985a09022ec3c97efe252e5f6c4c06bfaf610c,active manuscript artifact
paper_artifacts/final_artifacts_in_paper_updated/07_probability_uncertainty/georf_probability_bootstrap_compact_table.csv,final_artifacts_in_paper_updated/07_probability_uncertainty/georf_probability_bootstrap_compact_table.csv,paper_final_artifact,427,28241819bbb33ae48c2bddb24db10fa922c0be4c25a7cb1efb94fd0cb02e0d61,active manuscript artifact
paper_artifacts/final_artifacts_in_paper_updated/07_probability_uncertainty/georf_probability_bootstrap_compact_table.md,final_artifacts_in_paper_updated/07_probability_uncertainty/georf_probability_bootstrap_compact_table.md,paper_final_artifact,497,330707bd40f1eb107040f97aa999e57f9ddee5f4c3ddf347a9d5ab4c99dd0706,active manuscript artifact
paper_artifacts/final_artifacts_in_paper_updated/07_probability_uncertainty/georf_probability_bootstrap_region_ci.csv,final_artifacts_in_paper_updated/07_probability_uncertainty/georf_probability_bootstrap_region_ci.csv,paper_final_artifact,8224,376cf785cddd31ba65b42500c13a4673bf11775a732f0ad88c2aaf3428f63753,active manuscript artifact
paper_artifacts/final_artifacts_in_paper_updated/07_probability_uncertainty/georf_probability_brier_reliability.csv,final_artifacts_in_paper_updated/07_probability_uncertainty/georf_probability_brier_reliability.csv,paper_final_artifact,7608,78791e6ea390ffa054c9bff2b10d4a31a8019a648fd6084b486ce4ffce6169d7,active manuscript artifact
paper_artifacts/final_artifacts_in_paper_updated/07_probability_uncertainty/georf_probability_reliability.png,final_artifacts_in_paper_updated/07_probability_uncertainty/georf_probability_reliability.png,paper_final_artifact,306214,7b8e84c48b0f56477c37ed323ff7fb49cf0b9d21720dfaa9fc6c2c126bade6cc,active manuscript artifact
paper_artifacts/final_artifacts_in_paper_updated/07_probability_uncertainty/georf_probability_uncertainty_note.md,final_artifacts_in_paper_updated/07_probability_uncertainty/georf_probability_uncertainty_note.md,paper_final_artifact,1769,125e686cc5cd2e54486d6996ef06a8baad348c34406a8a6d6a89aa15347055cc,active manuscript artifact
paper_artifacts/final_artifacts_in_paper_updated/07_probability_uncertainty/georf_probability_uncertainty_summary.csv,final_artifacts_in_paper_updated/07_probability_uncertainty/georf_probability_uncertainty_summary.csv,paper_final_artifact,804,7c90fbb211a8edaf45ca9779b2555ad4ed1300d58508f8f76ca3a1a51b3fd0a3,active manuscript artifact
paper_artifacts/final_artifacts_in_paper_updated/08_geodt_diagnostics/geodt_branch_1_vs_001_locations_2024-10_fs1_global.png,final_artifacts_in_paper_updated/08_geodt_diagnostics/geodt_branch_1_vs_001_locations_2024-10_fs1_global.png,paper_final_artifact,540882,47e033e52e8a8dbe5c9d1b76519ffad14179afec5d6c6f86630171bfc90a115c,active manuscript artifact
paper_artifacts/final_artifacts_in_paper_updated/08_geodt_diagnostics/geodt_branch_tree_compare_2024-10_fs1_001_vs_1.png,final_artifacts_in_paper_updated/08_geodt_diagnostics/geodt_branch_tree_compare_2024-10_fs1_001_vs_1.png,paper_final_artifact,552959,f3cd85fd5249e2bb854cb157190eaf85126cc59863bffe9bd1e9f542c82cd246,active manuscript artifact
paper_artifacts/final_artifacts_in_paper_updated/08_geodt_diagnostics/geodt_branch_tree_compare_2024-10_fs1_001_vs_1_2.png,final_artifacts_in_paper_updated/08_geodt_diagnostics/geodt_branch_tree_compare_2024-10_fs1_001_vs_1_2.png,paper_final_artifact,556836,d67007e09199e1425713d90101ca55b43f85f5851a79c2d868c48c2b3d9dfd5d,active manuscript artifact
paper_artifacts/final_artifacts_in_paper_updated/09_humanitarian_metrics/georf_humanitarian_population_bars.png,final_artifacts_in_paper_updated/09_humanitarian_metrics/georf_humanitarian_population_bars.png,paper_final_artifact,128359,82e258a70b0c7ad519bffaedf034db6f19b6d52e62243a951aca7c01e0327b87,active manuscript artifact
paper_artifacts/final_artifacts_in_paper_updated/09_humanitarian_metrics/georf_humanitarian_population_by_month.csv,final_artifacts_in_paper_updated/09_humanitarian_metrics/georf_humanitarian_population_by_month.csv,paper_final_artifact,12669,50fc7b11feba9b8215369151e14713ba1c2322d0b6212c40a2d96bfbe3f9e9f6,active manuscript artifact
paper_artifacts/final_artifacts_in_paper_updated/09_humanitarian_metrics/georf_humanitarian_population_compact_table.csv,final_artifacts_in_paper_updated/09_humanitarian_metrics/georf_humanitarian_population_compact_table.csv,paper_final_artifact,1185,7f6ba94dee6bd818f22d898a04dc94b500284452c9a0de5e12eb44fd9808364c,active manuscript artifact
paper_artifacts/final_artifacts_in_paper_updated/09_humanitarian_metrics/georf_humanitarian_population_compact_table.md,final_artifacts_in_paper_updated/09_humanitarian_metrics/georf_humanitarian_population_compact_table.md,paper_final_artifact,1034,7f7174acb51fb124e9aa594f1db71a66c6f5f90dec221a85902c0f59fbde2ac4,active manuscript artifact
paper_artifacts/final_artifacts_in_paper_updated/09_humanitarian_metrics/georf_humanitarian_population_note.md,final_artifacts_in_paper_updated/09_humanitarian_metrics/georf_humanitarian_population_note.md,paper_final_artifact,1906,12eb6b83b0c3b6a362cc253a5f59279b30191a46bed8c9e5b92cc74f2eb8c174,active manuscript artifact
paper_artifacts/final_artifacts_in_paper_updated/09_humanitarian_metrics/georf_humanitarian_population_summary.csv,final_artifacts_in_paper_updated/09_humanitarian_metrics/georf_humanitarian_population_summary.csv,paper_final_artifact,1201,a72c854f79734a8999b7ab9e224ac8d9837265c4ef9276854c88d9e30b56aa27,active manuscript artifact
paper_artifacts/final_artifacts_in_paper_updated/10_false_negative_error_modes/artifact_source_manifest.json,final_artifacts_in_paper_updated/10_false_negative_error_modes/artifact_source_manifest.json,paper_final_artifact,924,5e9cc9025d09037deade8d0081f72e255568ce155284a4679e53a220dcea23de,active manuscript artifact
paper_artifacts/final_artifacts_in_paper_updated/10_false_negative_error_modes/georf_partitioned_false_negative_error_modes.csv,final_artifacts_in_paper_updated/10_false_negative_error_modes/georf_partitioned_false_negative_error_modes.csv,paper_final_artifact,2263,44251eee2e921a8e54b50788459b1b938b6979366891a313dd5b34a602659122,active manuscript artifact
paper_artifacts/final_artifacts_in_paper_updated/10_false_negative_error_modes/georf_partitioned_false_negative_hotspot_compact_table.md,final_artifacts_in_paper_updated/10_false_negative_error_modes/georf_partitioned_false_negative_hotspot_compact_table.md,paper_final_artifact,760,313a53ed8d3b9b434b209ddae6412b9a23677c82a3ca6e5f64fed03b64b0de69,active manuscript artifact
paper_artifacts/final_artifacts_in_paper_updated/10_false_negative_error_modes/georf_partitioned_false_negative_hotspot_summary.csv,final_artifacts_in_paper_updated/10_false_negative_error_modes/georf_partitioned_false_negative_hotspot_summary.csv,paper_final_artifact,3734,d4190310eb44d2b4c36abd8ce20d7bde6882da6e76138a4dc31870cccb9cc6b9,active manuscript artifact
paper_artifacts/final_artifacts_in_paper_updated/10_false_negative_error_modes/georf_partitioned_false_negative_note.md,final_artifacts_in_paper_updated/10_false_negative_error_modes/georf_partitioned_false_negative_note.md,paper_final_artifact,7473,6780430b4b25bfc43f12f349a3768efc5bcdd8f19e5f514986549645258c0ee7,active manuscript artifact
paper_artifacts/final_artifacts_in_paper_updated/11_threshold_free_metrics/georf_precision_recall_curve_points.csv,final_artifacts_in_paper_updated/11_threshold_free_metrics/georf_precision_recall_curve_points.csv,paper_final_artifact,55592,ac9a4a02c8ca2af286722822ace5469e315b60af7fbf9e4c9c9040d81cc38cf4,active manuscript artifact
paper_artifacts/final_artifacts_in_paper_updated/11_threshold_free_metrics/georf_precision_recall_curves.pdf,final_artifacts_in_paper_updated/11_threshold_free_metrics/georf_precision_recall_curves.pdf,paper_final_artifact,28112,e411163c3e71b472df3413b03ad8c5f866934fdf7069cbf0e663ff57b6081ac6,active manuscript artifact
paper_artifacts/final_artifacts_in_paper_updated/11_threshold_free_metrics/georf_precision_recall_curves.png,final_artifacts_in_paper_updated/11_threshold_free_metrics/georf_precision_recall_curves.png,paper_final_artifact,252375,4aa34c1b021a87a4a7dc149aef90d50b8120db2eb2bbaca98663bb89a6d2b527,active manuscript artifact
paper_artifacts/final_artifacts_in_paper_updated/11_threshold_free_metrics/georf_threshold_free_metrics.csv,final_artifacts_in_paper_updated/11_threshold_free_metrics/georf_threshold_free_metrics.csv,paper_final_artifact,985,c29bc8c9a13ba91081c906dc9360d9c7ae7063677efcb149a09142110b3112fb,active manuscript artifact
paper_artifacts/final_artifacts_in_paper_updated/11_threshold_free_metrics/georf_threshold_free_metrics_compact_table.csv,final_artifacts_in_paper_updated/11_threshold_free_metrics/georf_threshold_free_metrics_compact_table.csv,paper_final_artifact,1411,dc10ac807763677c1b840203a75613abe9f95597b82144c530cdb8c05871092a,active manuscript artifact
paper_artifacts/final_artifacts_in_paper_updated/11_threshold_free_metrics/georf_threshold_free_metrics_compact_table.md,final_artifacts_in_paper_updated/11_threshold_free_metrics/georf_threshold_free_metrics_compact_table.md,paper_final_artifact,1051,ef6d40c527c63a2466074b9512c59664c1aad8931ee50b9182b91c77fc93c5df,active manuscript artifact
paper_artifacts/final_artifacts_in_paper_updated/11_threshold_free_metrics/georf_threshold_free_metrics_note.md,final_artifacts_in_paper_updated/11_threshold_free_metrics/georf_threshold_free_metrics_note.md,paper_final_artifact,1549,c940e0cf993d203bf6a42927b53716e49c3596e9b34a63204962a7361fec737a,active manuscript artifact
paper_artifacts/final_artifacts_in_paper_updated/12_thresholded_georf_results/artifact_source_manifest.json,final_artifacts_in_paper_updated/12_thresholded_georf_results/artifact_source_manifest.json,paper_final_artifact,5507,304d4b1c2aef370ee1c8acb358a078000e4b245bdaedb72f3cc0adce3a76ac66,active manuscript artifact
paper_artifacts/final_artifacts_in_paper_updated/12_thresholded_georf_results/georf_thresholded_compact_table.csv,final_artifacts_in_paper_updated/12_thresholded_georf_results/georf_thresholded_compact_table.csv,paper_final_artifact,1393,8192b1f0c5f8b70a7f868de53c7151ddb392cd4db80735ef94efb890ae3412d9,active manuscript artifact
paper_artifacts/final_artifacts_in_paper_updated/12_thresholded_georf_results/georf_thresholded_compact_table.md,final_artifacts_in_paper_updated/12_thresholded_georf_results/georf_thresholded_compact_table.md,paper_final_artifact,1046,3c656ba412294c85b4b7b5e70fb13706d2dba068c9460f735691232351b15ecc,active manuscript artifact
paper_artifacts/final_artifacts_in_paper_updated/12_thresholded_georf_results/georf_thresholded_horizon_metrics.csv,final_artifacts_in_paper_updated/12_thresholded_georf_results/georf_thresholded_horizon_metrics.csv,paper_final_artifact,1241,f2ec2aa6fa88ed796e368b751921aad9fc038257446587d66d008b2883457844,active manuscript artifact
paper_artifacts/final_artifacts_in_paper_updated/12_thresholded_georf_results/georf_thresholded_monthly_metrics.csv,final_artifacts_in_paper_updated/12_thresholded_georf_results/georf_thresholded_monthly_metrics.csv,paper_final_artifact,17398,e0e5b5ea145b07a37bc2a4f0ac108f65ba97bcdf8a74e615a3270fe539977cb2,active manuscript artifact
paper_artifacts/final_artifacts_in_paper_updated/12_thresholded_georf_results/georf_thresholded_note.md,final_artifacts_in_paper_updated/12_thresholded_georf_results/georf_thresholded_note.md,paper_final_artifact,1327,1b4a602f3753d6d119a3d0291c1e9fd6162934c7fa985d3942ff9d0d7043bfa2,active manuscript artifact
paper_artifacts/final_artifacts_in_paper_updated/12_thresholded_georf_results/georf_thresholded_threshold_provenance.csv,final_artifacts_in_paper_updated/12_thresholded_georf_results/georf_thresholded_threshold_provenance.csv,paper_final_artifact,8593,db567bf9881541f8e373b859838752e30538cb69e5e01de1f8ce351805028c46,active manuscript artifact
paper_artifacts/final_artifacts_in_paper_updated/Forecasting_FEWS_NET_Food_Security_Crises_Using_a_Geo_Aware_Spatial_Clustering_Model (1).pdf,final_artifacts_in_paper_updated/Forecasting_FEWS_NET_Food_Security_Crises_Using_a_Geo_Aware_Spatial_Clustering_Model (1).pdf,paper_final_artifact,24018523,15ef541c202a33d650f10ce270ca293c885e178647c72eeac5c3901f85f644db,active manuscript artifact
paper_artifacts/final_artifacts_in_paper_updated/README.md,final_artifacts_in_paper_updated/README.md,paper_final_artifact,12930,b1d542185b0e57f5d87723610361b563a6c69dbc057166563aea80c2fba15236,active manuscript artifact
paper_artifacts/final_artifacts_in_paper_updated/artifact_source_audit.csv,final_artifacts_in_paper_updated/artifact_source_audit.csv,paper_final_artifact,6964,395986803393a8e36228367159bbb6912c6ffc7c0b5c9d132d91b8d3666a3729,active manuscript artifact
paper_artifacts/final_artifacts_in_paper_updated/artifact_source_audit.md,final_artifacts_in_paper_updated/artifact_source_audit.md,paper_final_artifact,3276,c76d26be947bd44610d118b6b14fb6802dc23251e0eb0648124b17263637efcb,active manuscript artifact
ablation/ablation_run_manifest.json,archived/release_20260624_reproducibility_inputs/main_ablation_exclude_updated_stage3_fixed_partitions/ablation_run_manifest.json,ablation_provenance,15370,24aef5237e19adb5a600e313f3b0fd097f2735e9123858e9eacd33cf97ea5adc,fixed-partition ablation run manifest
ablation/feature_exclude_dataset_manifest.json,archived/release_20260624_reproducibility_inputs/main_ablation_exclude_updated_stage3_fixed_partitions/input_datasets/feature_exclude_dataset_manifest.json,ablation_provenance,6054,272d1964676c889063895dd73b3f096286f7f9e69e92362735af28387f55b28c,feature-exclude input dataset manifest
